Galaxy,Q,D_Mpc,resolved,preferred_name,ra_deg,dec_deg,gal_b_deg,abs_gal_b_deg,central_cz_kms,count_2mpc_mk23,count_5mpc_mk23,nearest_mpc_mk23,tidal_strength_mk23,sideband_count_5mpc_mk23,shifted_count_2mpc_mk23,shifted_count_5mpc_mk23,shifted_nearest_mpc_mk23,shifted_tidal_strength_mk23,shifted_sideband_count_5mpc_mk23,count_2mpc_mk22,count_5mpc_mk22,nearest_mpc_mk22,tidal_strength_mk22,sideband_count_5mpc_mk22,shifted_count_2mpc_mk22,shifted_count_5mpc_mk22,shifted_nearest_mpc_mk22,shifted_tidal_strength_mk22,shifted_sideband_count_5mpc_mk22
CamB,2,3.36,True,PGC1 0166084 NED001,73.28081062,67.09836951,14.423159970658913,14.423159970658913,76.74686894820753,5,9,0.37317115848482935,28.799678285761818,0,3,9,0.33400385983421016,81.96531267537998,0,5,18,0.37317115848482935,29.053035980248193,1,8,18,0.33400385983421016,82.74302231039258,1
D512-2,2,15.2,True,LSBC D512-02,218.334625,26.99802778,67.35314693037694,67.35314693037694,834.9220015258492,1,7,1.1505040755736298,3.3034618472223465,7,1,5,1.9171630377550046,0.6056327404864154,3,1,14,1.1505040755736298,3.3613904453530035,17,1,7,1.9171630377550046,0.6187821828988258,24
D564-8,2,8.79,True,LSBC D564-08,135.7237015,20.07535018,37.598752380929554,37.598752380929554,483.26545728562286,1,10,1.0694179324755395,1.875393411247681,1,0,10,3.1865459473407802,0.4047987414385309,3,1,19,1.0694179324755395,1.9561467919402182,9,0,14,3.1865459473407802,0.43238923977291327,23
D631-7,1,7.72,True,UGC 04115,119.2575,14.390833,20.897389411860267,20.897389411860267,340.864024746,0,3,2.996116240784106,0.10564155821985584,1,0,15,2.1366863092616186,1.3146225858090466,4,1,5,0.3978304963907098,12.977818263942975,4,0,34,2.1366863092616186,1.7307447849378215,36
DDO064,1,6.8,True,UGC 05272,147.5933333,31.48777778,50.56269215229525,50.56269215229525,512.9448926400754,1,17,1.2721141187835547,1.1425563662073575,0,1,8,1.3776601595589053,0.9268785147716853,1,2,43,1.2721141187835547,1.8191465090046866,11,3,22,1.3776601595589053,1.2176518628662518,13
DDO154,2,4.04,True,NGC 4789A,193.521875,27.14963889,89.41014371695222,89.41014371695222,363.94804401199997,1,7,0.16697164196665606,606.8899024063144,0,0,7,3.830083482665668,0.25528719967904423,0,7,22,0.16697164196665606,622.0477746907402,1,0,22,2.4427486201605135,0.48616766471638456,1
DDO161,1,7.5,True,UGCA 320,195.81975,-17.42302778,45.35625241335548,45.35625241335548,741.98633355,3,18,1.0548199521190762,4.877712191979252,2,0,2,3.668174339092215,0.03841241920039179,0,6,39,1.0548199521190762,6.045545536010548,15,0,2,3.668174339092215,0.03841241920039179,1
DDO168,2,4.25,True,UGC 08320,198.6088551,45.92493988,70.65718303228816,70.65718303228816,191.86717312000002,2,11,0.47548452011603853,11.786102460553973,0,0,11,3.5102800830307266,1.6745847800604317,0,7,23,0.2181640861413584,106.24769542194308,3,1,23,1.3498791382866266,2.1734573246396063,3
DDO170,2,15.4,True,UGC 08333,198.9743336,25.4355594,84.26272999109034,84.26272999109034,941.0485256619999,1,38,1.5415309308721576,3.594441433297118,12,0,1,4.5811143669720815,0.01237230000150113,2,1,60,1.5415309308721576,3.8053677882733465,26,0,3,2.6824440085930417,0.04631109542081965,18
ESO079-G014,1,28.7,True,NGC 0360,15.7143121,-65.6100396,-51.476235028756314,51.476235028756314,2306.303379394,2,12,1.768329968018483,1.0705396886510958,3,1,8,1.9809919392954665,0.38933001301467857,5,7,21,1.067927757963699,1.8756774116806934,9,1,11,1.9809919392954665,0.40230458888264453,15
ESO116-G012,1,13.0,True,ESO 116- G 012,48.2699788,-57.3569769,-50.82510401456708,50.82510401456708,1146.1065669339998,5,16,0.24906597475029157,157.07281130463062,1,1,3,1.2302047002319292,1.4887550633639284,1,9,32,0.24906597475029157,157.82760221563237,11,1,14,1.2302047002319292,1.697983330466778,15
ESO444-G084,2,4.83,True,ESO 444- G 084,204.3329122,-28.044124,33.73916333356121,33.73916333356121,586.993632764,4,9,0.15364763523589103,509.5603237695184,0,0,9,3.4818031318005063,0.24033889696276778,0,6,37,0.15364763523589103,510.1989828858552,4,1,37,1.4148338589929657,0.7322467094208296,4
ESO563-G021,1,60.8,True,UGCA 145,131.8208428,-20.0356573,14.397419005175207,14.397419005175207,4579.030123408983,1,4,0.7536670950522525,2.8459848234231258,11,4,15,0.5868563341900837,37.4127976261988,27,2,6,0.7536670950522525,3.1204029827533732,20,4,18,0.5868563341900837,37.452167759888106,42
F563-1,1,48.9,True,LSBC D563-04,133.78004,19.750685,35.76810550771136,35.76810550771136,3491.9999987050555,0,4,2.347525036029212,0.2258502187165501,1,0,3,2.647054116950144,0.232098916955162,11,1,8,0.7162532262466637,2.441270702580785,1,0,3,2.647054116950144,0.232098916955162,22
F563-V2,1,59.7,True,LSBC D563-02,133.2660053,18.4359629,34.857381244354904,34.857381244354904,4310.116108707508,3,4,1.0429049705806297,9.024139061270084,3,1,7,1.9114556435779377,0.5906052308399167,9,7,12,0.7536598504336591,12.54479354712377,8,2,10,1.6610991853290895,0.7464186589307286,17
F565-V2,2,51.8,True,LSBC F565-V02,144.3745,21.76122222,45.8001018391743,45.8001018391743,3680.851769344754,1,4,0.5353096318253822,24.78673448063647,0,0,9,2.854393336908546,0.2725002880663441,20,1,6,0.5353096318253822,24.81507615169039,1,0,9,2.854393336908546,0.2725002880663441,31
F568-1,1,90.7,True,LSBC F568-01,156.5264065,22.4335689,56.79466976538716,56.79466976538716,6524.083590912983,1,7,1.1424529066187532,1.410518902426075,12,0,0,5.0,0.0,1,1,7,1.1424529066187532,1.410518902426075,12,0,0,5.0,0.0,1
F568-3,1,82.4,True,LSBC F568-03,156.8343651,22.2401039,57.01604087200722,57.01604087200722,5911.008014302983,2,12,0.42646386394265556,36.18072237748285,16,0,0,5.0,0.0,6,2,12,0.42646386394265556,36.18072237748285,16,0,0,5.0,0.0,7
F568-V1,1,80.6,True,LSBC F568-V01,161.2586211,22.0542249,60.89965393524749,60.89965393524749,5779.6367407431935,4,8,0.05261304331143283,8756.537212921306,10,0,0,5.0,0.0,5,4,8,0.05261304331143283,8756.537212921306,10,0,0,5.0,0.0,7
F571-8,1,53.3,True,LSBC F571-08,173.479706,19.359974,70.60426791770476,70.60426791770476,3767.000001164877,1,11,1.5921016057941704,2.09030995946273,6,1,4,1.1602487255216645,1.321094448907593,6,4,21,1.0267629774636335,3.1887777148280794,16,2,8,1.1602487255216645,1.455065396112798,11
F571-V1,2,80.1,True,LSBC F571-V01,171.57949,18.835923,68.76672629698353,68.76672629698353,5706.403139310496,4,8,0.19836690651089536,196.2763779014616,14,0,4,3.7128332115670246,0.2343287175758184,6,4,9,0.19836690651089536,196.28423601459863,15,0,4,3.7128332115670246,0.2343287175758184,7
F574-1,1,96.8,True,LSBC F574-01,189.5292277,22.3136459,84.3147468055875,84.3147468055875,6888.931072257475,0,9,2.7768566932423546,1.1766896048211357,5,0,2,2.7255640688637834,0.15769568589336042,7,0,9,2.7768566932423546,1.1766896048211357,5,0,2,2.7255640688637834,0.15769568589336042,7
F579-V1,1,89.5,True,LSBC F511-V01,218.2077111,22.7614452,66.64757420901131,66.64757420901131,6294.142775626983,0,0,5.0,0.0,14,1,2,1.4655015540291707,0.3672323946537551,5,0,0,5.0,0.0,14,1,2,1.4655015540291707,0.3672323946537551,5
F583-1,1,35.4,True,LSBC D584-04,239.3647679,20.6665745,47.229450571444254,47.229450571444254,2265.737862317104,0,10,2.8195152226007907,1.0453756712308904,7,3,13,1.36550896984823,2.820367853699162,11,2,25,1.464705720583913,1.5373583169904248,22,6,23,1.36550896984823,3.332277783608576,37
F583-4,1,53.3,True,LSBC F583-04,238.0389771,18.7979601,47.80068010658938,47.80068010658938,3644.3724534496437,4,5,0.41264394767138995,51.92705704970932,25,7,13,0.5298110268495133,28.945666130841275,18,4,6,0.41264394767138995,51.940002157141855,38,12,24,0.5298110268495133,33.67423581988348,26
IC2574,2,3.91,True,IC 2574,157.0972782,68.4121591,43.607037423188366,43.607037423188366,56.960568818754744,2,8,0.20770591419505305,425.988751819359,0,0,8,2.034784020177534,1.971417542622878,0,4,18,0.20770591419505305,426.53503050492816,4,3,18,1.4526834571526626,2.603774752133257,4
IC4202,1,100.4,True,IC 4202,197.1316527,24.7007982,85.45544407645738,85.45544407645738,7122.999999710888,1,6,0.5631586683647978,11.945032667914905,2,0,8,2.898339673709131,0.49477414454424407,3,1,6,0.5631586683647978,11.945032667914905,2,0,8,2.898339673709131,0.49477414454424407,3
KK98-251,2,6.8,True,PGC1 0065001 NED007,307.6370833,60.35472222,12.228158780494564,12.228158780494564,125.91283146062261,1,7,0.06797525879559393,3865.810664368379,0,2,12,1.3273131672755567,10.38574038536332,0,1,9,0.06797525879559393,3865.828190895051,17,2,16,1.3273131672755567,10.512838040317291,13
NGC0024,1,7.3,True,NGC 0024,2.485281,-24.963219,-80.43454410737188,80.43454410737188,554.016462384,4,21,0.9737161110602324,12.03707969326359,2,0,2,4.60641610404449,0.02838528723983559,1,19,50,0.6202675618642679,19.22835217104263,20,0,7,2.2848390975797557,0.12823455995716437,10
NGC0055,2,2.11,True,NGC 0055,3.723345,-39.196571,-75.73095925147447,75.73095925147447,130.9999999971282,0,1,2.082353040015702,1.5679288500008124,0,1,1,1.9794784077904075,1.825143851965825,0,4,9,0.5642461922749263,7.4127771362275,0,6,9,1.895568459643023,2.45761571972871,0
NGC0100,1,13.5,True,NGC 0100,6.012434167,16.48711778,-45.88140348414576,45.88140348414576,843.9157692699999,2,14,1.1771367004707778,5.685890291044471,6,0,0,5.0,0.0,0,2,29,1.1771367004707778,6.084348874375628,24,0,0,5.0,0.0,2
NGC0247,2,3.7,True,NGC 0247,11.785301,-20.760195,-83.5568351807158,83.5568351807158,173.9999999865739,1,9,0.29220366710463114,105.05108143268335,0,0,9,3.5850771160931485,1.2521901964007873,0,6,18,0.1560451859968712,252.81727868556555,2,0,18,2.5587219289867407,1.4053790110781674,2
NGC0289,2,20.8,True,NGC 0289,13.176134,-31.2058643,-85.91303154583862,85.91303154583862,1629.0722167719998,2,7,1.8652720166406607,3.2027041817632473,13,3,7,1.4360188840258554,1.644397928746514,3,4,13,0.4140829342856094,15.667385725675723,24,9,18,0.7025912865001087,5.904490896731075,15
NGC0300,2,2.08,True,NGC 0300,13.722702,-37.684212,-79.41906923014925,79.41906923014925,147.19999999050262,0,1,2.041796728838291,1.616213103320338,0,1,1,1.873157267689628,2.092858907477931,0,4,7,0.4499441695351642,11.437471151936082,0,5,7,1.8668936426927571,2.6240044023595672,0
NGC0801,1,80.7,True,NGC 0801,30.9366465,38.2587886,-22.457089038790947,22.457089038790947,5767.107514546,2,25,0.2144091443581063,564.0115863189078,35,18,37,0.18870322187988262,853.6376888862037,6,2,26,0.2144091443581063,564.0225157217108,36,19,40,0.18870322187988262,854.2006096085877,6
NGC0891,1,9.91,True,NGC 0891,35.63711,42.34832,-17.415246823679357,17.415246823679357,527.934518538,2,7,0.8144872732006675,7.925201143149927,0,1,6,1.8426505199579433,0.6685270617305537,1,3,11,0.8144872732006675,8.088456920865596,12,2,12,1.7893386808418574,0.8385191609242334,8
NGC1003,1,11.4,True,NGC 1003,39.820784,40.8725757,-17.544655678544906,17.544655678544906,623.868105098,2,6,0.36244535049569876,67.13275283458702,5,1,5,1.569515242125699,0.913699062513635,3,4,10,0.36244535049569876,67.40822264081191,17,1,9,1.569515242125699,1.0442470218249182,12
NGC1090,1,37.0,True,NGC 1090,41.6415417,-0.2471141,-51.44369668790538,51.44369668790538,2740.312021463226,2,6,1.445397645036643,2.0127196768811983,34,0,0,5.0,0.0,19,3,14,1.1648177253121306,2.745259071064372,48,0,2,2.976163954742585,0.02695102507298791,38
NGC2683,2,9.81,True,NGC 2683,133.1720971,33.42185359,38.76067682007146,38.76067682007146,411.01544792630165,0,3,2.501606979354541,0.24934639660234864,1,1,13,1.5530023313166088,1.5944519129451495,9,0,7,2.501606979354541,0.3182836512436202,12,1,20,1.5530023313166088,1.666689379786407,28
NGC2903,1,6.6,True,NGC 2903,143.04213,21.50083,44.54009672280068,44.54009672280068,549.8193679719999,0,13,2.9745042144080944,0.4296031692817099,0,0,9,2.241866354378111,0.4546509567715679,1,1,36,1.6830236244315735,0.996201485348414,11,1,31,1.6422487939117005,0.7789300924694831,18
NGC2915,2,4.06,True,NGC 2915,141.5493119,-76.6266558,-18.357278150655006,18.357278150655006,467.976026938,1,6,1.8118221222005708,0.8361820613930203,0,2,6,0.6116108995422601,8.898982653459793,0,3,22,1.190021647525535,1.6478557722003944,1,4,22,0.5243279114808262,12.435048572252567,1
NGC2955,1,97.9,True,NGC 2955,145.3192299,35.8822297,48.94233987456259,48.94233987456259,7007.948498208,4,7,0.7977550498483091,15.845433587384306,21,0,0,5.0,0.0,1,4,7,0.7977550498483091,15.845433587384306,21,0,0,5.0,0.0,1
NGC2976,2,3.58,True,NGC 2976,146.81381,67.916679,40.90216053923422,40.90216053923422,2.654747056855614,3,6,0.08605687310876917,2994.4716142989328,0,2,6,1.7403987942096468,2.101870938227998,0,5,15,0.08605687310876917,2994.930777844984,3,7,15,1.1189800324993115,2.967616162463143,3
NGC2998,1,68.1,True,NGC 2998,147.1817112,44.0814226,49.8101525516,49.8101525516,4784.088044764,2,14,0.5576268352888614,9.200135999969445,1,0,1,4.180260925532458,0.02321618523167115,4,6,18,0.12634201770585468,659.7743771222601,2,0,3,3.9684477494658785,0.04402502976417014,5
NGC3109,1,1.33,True,NGC 3109,150.7786667,-26.15958333,23.070172752822653,23.070172752822653,402.9210605540754,0,0,5.0,0.0,0,0,0,5.0,0.0,0,0,0,5.0,0.0,0,0,0,5.0,0.0,0
NGC3198,1,13.8,True,NGC 3198,154.979176,45.549816,54.82891185056577,54.82891185056577,660.1429925159999,1,21,0.9953243395570883,2.4043669529627016,6,2,13,0.868001716108088,3.241276599153788,5,1,41,0.9953243395570883,2.6806817044189506,23,3,19,0.868001716108088,3.4205655293579023,14
NGC3521,1,7.7,True,NGC 3521,166.4524208,-0.03586388889,52.82924897041176,52.82924897041176,798.9469005699999,5,20,1.7011721897902314,1.8359976349261193,3,0,1,4.502274332359948,0.020054195758737486,0,12,55,1.7011721897902314,2.933255358324083,13,0,7,4.2694501997939,0.06374887980439639,2
NGC3726,2,18.0,True,NGC 3726,173.3379772,47.0292224,64.87862241632861,64.87862241632861,864.001863956,13,34,0.6963478036117039,14.92791108430088,3,0,13,3.2544717646322434,0.5414491789937522,1,18,54,0.3574937589382393,25.198155915531967,14,0,16,3.2544717646322434,0.5593754995904755,3
NGC3741,1,3.21,True,NGC 3741,174.0257551,45.28390912,66.44643511759804,66.44643511759804,229.94081528599997,2,6,1.3375211502466857,1.6743807164957656,0,0,6,2.666155839504674,0.3920133458176663,0,8,15,0.428248538406309,9.177240447311853,0,2,15,1.609149261798602,0.8140059557250072,0
NGC3769,2,18.0,True,NGC 3769,174.433602,47.892963,64.74940367950794,64.74940367950794,737.1896842012458,17,36,0.3574376542082261,65.81369017899482,4,0,12,3.6023181237836015,0.449412718581689,1,21,53,0.3574376542082261,67.77810757639983,15,0,14,3.6023181237836015,0.46205632058043217,3
NGC3877,2,18.0,True,NGC 3877,176.5322004,47.49454704,65.95647234762814,65.95647234762814,894.8804871299999,22,34,0.4040688899198199,40.71961583893577,3,0,8,3.77233753009682,0.33923360455228546,1,28,54,0.4040688899198199,56.09086163370564,15,0,11,3.77233753009682,0.35961206385532124,3
NGC3893,1,18.0,True,NGC 3893,177.1589984,48.7108953,65.22723338040848,65.22723338040848,967.130433532905,20,32,0.40408124783863797,43.32664775926449,2,0,10,4.127044413461898,0.3479137968368478,1,27,54,0.37624968099765754,60.427880895125476,13,0,12,4.127044413461898,0.3657667820776776,3
NGC3917,1,18.0,True,NGC 3917,177.6895411,51.8246185,62.79377547400576,62.79377547400576,964.7321478315474,17,33,0.21602087863661076,338.20979737095354,3,0,10,3.671633192179475,0.38442130155118887,1,23,52,0.21602087863661076,341.62190217112106,15,0,14,3.198987084624521,0.41702135095450243,4
NGC3949,2,18.0,True,NGC 3949,178.4241452,47.8587188,66.40587458503215,66.40587458503215,793.5999998523417,23,36,0.37625455165145344,77.86656399437749,2,0,4,4.124113410574664,0.15866824949102445,1,29,55,0.37625455165145344,80.00333096864401,10,0,6,3.988007527591344,0.17845835798609458,3
NGC3953,1,18.0,True,NGC 3953,178.4542849,52.3268,62.59027523811394,62.59027523811394,1049.873187916,16,32,0.3748343983788472,101.75682356712686,1,0,12,3.668096057254729,0.42485355849918593,1,23,52,0.21617648387186977,158.99926867429994,13,0,17,3.0198070589952346,0.47502390312138076,4
NGC3972,1,18.0,True,NGC 3972,178.9380329,55.3205853,60.053541099720135,60.053541099720135,842.4767654716,13,32,0.10599682198546574,1504.83395993034,2,0,12,2.8745540717936775,0.5065208732201726,1,18,48,0.06924428799472772,2457.4696231559906,16,0,15,2.088712014887342,0.5738341208498352,4
NGC3992,1,23.7,True,MESSIER 109,179.3998522,53.3747107,61.9231554300745,61.9231554300745,1046.65941276624,13,36,0.4936869994606797,80.5647967514039,3,0,3,4.486291600518787,0.10157673502273074,1,18,49,0.4936869994606797,83.05881081745454,19,0,7,3.517375844125668,0.1397277498497505,5
NGC4010,2,18.0,True,NGC 4010,179.658195,47.26144,67.35881793096543,67.35881793096543,901.7757406453211,22,37,0.3987308962264003,66.03700775840616,2,0,6,4.1080104557935355,0.1879731813412178,1,29,56,0.32197294557817374,89.32809126246636,14,0,8,3.676458960012305,0.2108517465441233,3
NGC4013,2,18.0,True,NGC 4013,179.6304505,43.94741316,70.0883174239804,70.0883174239804,831.3244650485279,18,40,0.3190362902468066,144.47300200069301,2,0,3,3.1095679104479284,0.20406841733853592,1,24,61,0.3190362902468066,146.08353153355728,9,0,5,3.1095679104479284,0.23097103121961066,2
NGC4051,2,18.0,True,NGC 4051,180.7900304,44.5313083,70.0851585995503,70.0851585995503,700.3152088693212,20,47,0.31897140807600516,115.4945043266392,5,0,3,3.3539937020379633,0.16019888518420247,1,27,67,0.31897140807600516,117.76783009707019,18,0,4,3.127258018418886,0.1881299414012502,3
NGC4068,2,4.37,True,NGC 4068,181.0032706,52.5882027,63.04348199521918,63.04348199521918,205.95741864599998,3,10,1.0536653027485874,2.708250340562819,0,0,10,3.383231987693601,0.4358755067861479,0,8,23,0.4419135654129261,13.211502559425117,4,1,23,1.6268442540984307,0.8436701648970694,4
NGC4085,2,18.0,True,NGC 4085,181.3447645,50.3528545,65.16716844979726,65.16716844979726,760.092598843368,19,37,0.05926187124445634,4747.6647506299,3,0,4,4.373135868670333,0.08267787803129065,1,26,53,0.05926187124445634,4750.118268136667,12,0,6,3.5758277004048544,0.10808604282117396,4
NGC4088,1,18.0,True,NGC 4088,181.3928356,50.539385,65.0108520718113,65.0108520718113,745.883635504,18,35,0.2752891037825645,232.50406295213753,3,0,4,4.355451700708048,0.08409112975095949,1,26,52,0.05941069516185327,1218.7274743967607,13,0,6,3.5181898775330103,0.10974010157878938,4
NGC4100,1,18.0,True,NGC 4100,181.535557,49.582504,65.91649535106305,65.91649535106305,1074.4561844616228,18,30,0.30186986523877357,144.68308370978292,0,0,9,4.378801622736294,0.19278165319870333,1,25,52,0.24504314292636123,176.6380780407222,12,0,12,3.7688625323122515,0.2248696223470309,4
NGC4138,2,18.0,True,NGC 4138,182.3741696,43.6853081,71.40379192941971,71.40379192941971,873.89501507,16,44,0.23958363411438183,211.32005140218936,1,0,5,3.2461866974495988,0.16748743342294917,1,22,65,0.23958363411438183,214.25856781615076,12,0,6,2.7155587635320098,0.21014013874115342,4
NGC4157,1,18.0,True,NGC 4157,182.768173,50.485004,65.40791962605526,65.40791962605526,771.066201976,15,36,0.2753474556104802,157.5901711220946,3,0,4,4.093284089750348,0.08368277352357903,1,24,53,0.2753474556104802,177.62628286158883,13,0,6,3.537271496232955,0.11134750775602771,4
NGC4183,1,18.0,True,NGC 4183,183.32032,43.698588,71.72696347434153,71.72696347434153,929.056827342,16,45,0.21497288580178123,177.5841582734734,1,0,5,3.3508813208819572,0.15270427512487528,1,23,66,0.21497288580178123,181.61116629445837,13,0,6,2.5124804901716917,0.20655344004094967,5
NGC4214,2,2.87,True,NGC 4214,183.9132083,36.32688889,78.07453699915948,78.07453699915948,291.098476718,2,4,0.6445477196136672,6.409171471812048,0,0,4,2.64507460894434,0.28512742726502455,0,4,11,0.41784598631796843,13.070056650444323,0,1,11,1.5436279625574987,0.6155788641131351,0
NGC4217,1,18.0,True,NGC 4217,183.96208,47.091778,68.8468165188675,68.8468165188675,1027.988338482,19,37,0.24935954401598526,108.54746893353587,2,0,5,4.1267713865009075,0.1165881178220581,1,23,59,0.24935954401598526,111.25097953917617,12,0,8,2.8912545837791135,0.16211295591802316,3
NGC4559,1,9.0,True,NGC 4559,188.990119,27.9599586,86.4700281109732,86.4700281109732,813.93652347,6,29,0.31008370648880634,76.5203202174066,3,0,2,3.196022910016805,0.04464998361463234,1,16,83,0.31008370648880634,93.88366620826851,16,0,6,3.061879670839808,0.09085667544795799,3
NGC5005,1,16.9,True,NGC 5005,197.7344369,37.0590444,79.24913267075664,79.24913267075664,946.1449974479999,2,31,0.20245282215952928,334.49700561961754,2,0,4,2.44967506754819,0.1422060612982769,2,3,45,0.20245282215952928,334.8349840157091,14,1,6,1.4853288967977047,0.3956813546336452,14
NGC5033,1,15.7,True,SN 2001gd HOST,198.364474,36.593922,79.44786416668298,79.44786416668298,872.995637696,2,30,0.18793503880598372,566.8731337615175,3,0,4,2.2416053690104225,0.1556140802189258,2,4,46,0.18793503880598372,567.3131850132891,14,1,7,1.5655052980375446,0.35766285975342377,11
NGC5055,1,9.9,True,Messier 063,198.9553691,42.0293247,74.28760880970876,74.28760880970876,500.053819944,8,19,0.8198319241036578,23.820716473963895,9,0,3,3.6734614142575723,0.13422813039017795,2,10,51,0.8198319241036578,25.16005742214856,29,0,6,2.1091353971166797,0.20163212440563577,8
NGC5371,1,39.7,True,NGC 5371,208.9164152,40.4617447,71.19608803720818,71.19608803720818,2558.129044114,13,16,0.31154979481527273,406.24905512752304,11,2,3,1.83849607648251,0.3519097731960802,3,17,26,0.2534335361994192,466.03772568411995,25,3,8,0.788364371540588,1.3104814078112113,6
NGC5585,1,7.06,True,NGC 5585,214.9507063,56.7294777,56.47456777697307,56.47456777697307,303.090175038,3,16,0.4115892568455843,29.71669778925061,1,1,2,0.4863175327813685,21.471411564577462,0,5,28,0.4115892568455843,31.664045966229033,25,1,7,0.4863175327813685,21.51418378052697,11
NGC5907,1,17.3,True,NGC 5907,228.9718321,56.32988,51.08731837957945,51.08731837957945,664.9396718439999,1,11,0.4313703197424582,42.484030123068514,3,1,5,1.6715514223525274,1.0138053119431707,2,3,16,0.3242589254891793,59.09064056235561,20,1,5,1.6715514223525274,1.0138053119431707,12
NGC5985,1,39.7,True,NGC 5985,234.9043982,59.3320345,46.82946343506933,46.82946343506933,2521.000000016365,3,5,0.08589267893647513,6023.028385857025,16,6,14,1.4031578599362509,5.306280637794634,0,4,7,0.08589267893647513,6037.166069798824,21,10,23,1.1318157246182161,6.59307527032195,5
NGC6015,2,17.0,True,NGC 6015,237.85536,62.31007,44.12438019331448,44.12438019331448,833.1232407819999,5,16,0.9052266690590862,5.186381343798079,2,0,3,3.4220175625519977,0.14534424150172687,2,6,22,0.9052266690590862,5.594531609573698,12,0,3,3.4220175625519977,0.14534424150172687,16
NGC6195,1,127.8,True,NGC 6195,249.1357648,39.0279099,42.142561053459055,42.142561053459055,8989.575446418168,4,36,0.7634438063035496,13.516894114042758,13,0,4,3.3688495223706636,0.2433026936978607,6,4,36,0.7634438063035496,13.516894114042758,13,0,4,3.3688495223706636,0.2433026936978607,6
NGC6503,1,6.26,True,NGC 6503,267.360098,70.144333,30.640881057805792,30.640881057805792,24.882774014,0,9,2.088989793411231,0.6696377425122272,1,0,9,2.1823755359554458,5.196221437876924,0,0,14,2.088989793411231,0.7133181562629535,22,0,12,2.1823755359554458,5.264812102816069,13
NGC6674,1,51.2,True,NGC 6674,279.6410873,25.3751618,13.919237427426022,13.919237427426022,3429.0261346039997,3,8,0.958328781434521,5.156338074012988,21,0,16,2.1914655244149572,1.922223583281088,24,4,11,0.8591736106377788,5.80332624157025,38,2,27,1.2096503423938072,2.548901339698168,43
NGC6789,2,3.52,True,NGC 6789,289.1746785,63.97115769,21.51688428165075,21.51688428165075,-151.095398832,0,6,2.3906536791565576,2.4663725264388465,0,3,6,0.9419151773200107,16.945362286197373,0,1,11,0.6033720944605901,5.406275849991372,4,6,11,0.9419151773200107,17.52934464479658,4
NGC6946,1,5.52,True,NGC 6946,308.718015,60.153915,11.67288666122126,11.67288666122126,40.00000000621745,0,12,3.620279272185516,2.339379642971645,1,1,9,1.0614682460838103,10.80301336369994,0,0,16,3.250377001057631,2.3767263191288666,11,3,13,1.0614682460838103,11.069456574552678,8
NGC7331,1,14.7,True,SN 2014C HOST,339.266927,34.415756,-20.724004343158114,20.724004343158114,816.0000000548857,2,4,1.7523091193770581,1.0904080453639144,3,0,0,5.0,0.0,0,3,14,1.6940892734120283,1.4352714932796646,31,0,0,5.0,0.0,2
NGC7793,1,3.61,True,NGC 7793,359.4572088,-32.5909942,-77.17109971142101,77.17109971142101,224.39999999260914,1,8,0.8173650976169284,5.157372314694246,0,0,8,3.317863781099736,0.3474052468445299,0,7,17,0.8173650976169284,8.17970831948563,1,0,17,2.204657626187589,0.5659779194375412,1
NGC7814,1,14.4,True,NGC 7814,0.8121263,16.1453085,-45.17479160594727,45.17479160594727,1051.072357748,0,14,2.4994396226915927,1.3195043725362423,2,0,0,5.0,0.0,0,2,26,0.9896586139268561,2.335282660698178,15,0,0,5.0,0.0,3
UGC00191,1,17.1,True,UGC 00191,5.0207326,10.8791308,-51.23903499942777,51.23903499942777,1143.108642354,2,21,1.4718606615143681,8.012129159710467,7,0,0,5.0,0.0,2,2,41,1.4718606615143681,8.412968288749642,22,0,0,5.0,0.0,3
UGC00634,2,30.9,True,UGC 00634,15.3537988,7.6256687,-55.16216448157773,55.16216448157773,2216.065849536,1,14,1.1092804593194956,3.4236445964618483,19,0,1,2.94715849344364,0.04896874865918621,1,3,30,0.32663720574374877,23.749671284380568,40,0,2,2.94715849344364,0.05546603108729986,2
UGC00731,1,12.5,True,UGC 00731,17.6833359,49.602112,-13.149396286884924,13.149396286884924,638.857727998,2,6,0.18911843133483758,2252.8583074399235,4,0,5,3.078188459872641,0.2707170443527471,1,4,12,0.18911843133483758,2254.9355458367017,19,0,8,2.800534049276719,0.31161671845850003,5
UGC00891,2,10.2,True,UGC 00891,20.3291513,12.4125107,-49.79997805391582,49.79997805391582,643.0548314037737,2,14,0.8936642942402905,3.5544590957537854,5,0,0,5.0,0.0,0,5,35,0.8936642942402905,5.061377330314551,35,0,1,4.428827070947806,0.004684369548123453,1
UGC01230,1,53.7,True,SN 2010ji HOST,26.38438,25.52144,-35.76160607231883,35.76160607231883,3837.0436699419997,1,10,0.8730768635549064,5.094303347177032,29,0,1,4.969051368158575,0.010052223996851418,10,3,22,0.8730768635549064,5.432589338217161,56,0,2,4.228959565825334,0.020153050583272825,22
UGC01281,1,5.27,True,UGC 01281,27.38172292,32.58875694,-28.70586707178567,28.70586707178567,155.89207815999998,7,13,0.3507758274472395,181.3013126359831,0,0,10,3.4268184490307587,0.3672690034827885,0,10,23,0.3507758274472395,182.44311752895482,11,1,24,1.2083976032527626,0.8593717108508362,6
UGC02023,2,10.4,True,UGC 02023,38.32583333,33.49111111,-24.739494026654672,24.739494026654672,602.882633038,2,7,1.0423913828645734,4.4973684502022415,1,1,3,0.7333679328681995,5.2577267613004715,1,3,11,0.22829898409032032,43.40237133122652,17,1,7,0.7333679328681995,5.306202745677558,7
UGC02259,2,10.5,True,UGC 02259,41.9811256,37.5378733,-19.796565898156043,19.796565898156043,583.0963308099999,2,7,0.3889021599562179,40.47976616190889,2,1,3,0.7742457354700357,4.641341623202031,2,3,11,0.3889021599562179,40.930616770332975,13,1,8,0.7742457354700357,4.744276258858136,11
UGC02487,1,69.1,True,NGC 1167,45.4264014,35.2056077,-20.48586811170967,20.48586811170967,4954.969745824,4,26,0.270262668420977,162.13016917836384,17,0,3,2.85655962726563,0.3701079083275001,12,4,28,0.270262668420977,162.22353387556043,25,0,3,2.85655962726563,0.3701079083275001,18
UGC02885,1,80.6,True,UGC 02885,58.2671797,35.5921086,-14.046322433307576,14.046322433307576,5800.984062299999,6,28,0.9342565596389315,11.587730431646385,20,0,9,2.431073273996371,0.48459205694963237,13,8,30,0.9342565596389315,12.047218163553396,22,0,10,2.431073273996371,0.4999901699163884,13
UGC02916,2,65.4,True,UGC 02916,60.6413697,71.7059257,14.194761616500207,14.194761616500207,4523.86819122,2,37,1.8318326303832757,3.3973711703895253,15,0,3,3.9273873548104232,0.13013796133821282,10,4,52,1.3512375343145613,4.281301897857931,21,0,7,3.9037218897623243,0.17627993594062835,16
UGC03205,1,50.0,True,UGC 03205,74.0619672,30.0523584,-8.206121267153383,8.206121267153383,3589.115307176,1,3,1.8133703739904607,0.3786434642609918,0,0,1,4.979985408317401,0.022069379988557535,5,1,5,1.8133703739904607,0.41583407723636584,3,0,1,4.979985408317401,0.022069379988557535,11
UGC03546,1,28.7,True,NGC 2273,102.5360418,60.8457995,23.313914653431528,23.313914653431528,1840.0000001061271,1,4,1.5395933054674278,0.5444405477837211,14,0,8,2.4880352282109475,0.8272799260412582,7,2,6,1.2022240787729968,1.0486411801115052,44,0,15,2.4880352282109475,0.9270711638004868,24
UGC03580,2,20.7,True,UGC 03580,103.8790212,69.5631627,25.64619096741271,25.64619096741271,1200.968586748,1,8,1.6004509859380476,2.590532015494326,8,1,6,1.205799679584941,1.6052349414292884,7,1,11,1.6004509859380476,2.6204702090715055,29,4,13,0.7600471796030984,2.9828641025035867,23
UGC04278,1,9.51,True,IC 2233,123.4954608,45.74213778,33.05725353614756,33.05725353614756,557.014386964,0,6,2.045497904833598,0.6251532917758762,0,4,18,1.2765639700661469,5.862442068355662,6,1,12,1.4198334262407626,0.9013614800300589,6,4,56,1.2765639700661469,6.393846538950104,21
UGC04325,1,9.6,True,NGC 2552,124.8352376,50.009529,34.29043842849196,34.29043842849196,524.037216584,1,5,1.6670526368934755,0.9214161612593517,1,5,16,0.8354423204155951,9.822002415765752,6,2,13,0.932078423708451,1.7866032690105629,10,5,49,0.8354423204155951,10.25988174702289,17
UGC04483,2,3.34,True,UGC 04483,129.2623839,69.7757778,34.380308888085125,34.380308888085125,155.59228390324523,3,9,0.39540187489498346,50.193702304927676,0,2,9,1.3056332520207066,3.038859522514546,0,4,18,0.39540187489498346,50.54206911011203,1,8,18,0.914597941075903,4.263526128761483,1
UGC04499,1,12.5,True,UGC 04499,129.42284,51.652473,37.19549124505344,37.19549124505344,691.02161569,2,10,0.5433144372337603,8.00981387271922,2,3,19,1.2721489562390897,5.701748087586401,5,4,15,0.5433144372337603,8.396977405475946,9,3,31,1.2721489562390897,5.907337147677797,21
UGC05005,1,53.7,True,UGC 05005,141.12246,22.274831,43.0672781517908,43.0672781517908,3830.1484434079994,0,5,2.3357524521181277,0.41071083996415286,4,3,14,0.7102929100612718,7.901851031240006,10,1,6,1.803604021470456,0.5581539659589609,5,3,15,0.7102929100612718,7.909479270078345,17
UGC05253,2,22.9,True,NGC 2985,147.592625,72.27863889,38.682834249325914,38.682834249325914,1323.8834945279998,1,9,1.9385700085755082,0.6565242624638877,17,1,9,1.880457011161767,0.4909997028582672,1,2,17,1.9327942018274105,0.797540493013352,40,1,16,1.880457011161767,0.5987089527891669,1
UGC05414,1,9.4,True,NGC 3104,150.9889738,40.75698443,53.10161081025237,53.10161081025237,592.0000001279933,0,14,2.0393469426233657,0.7765429070996268,2,2,8,1.3159775999902552,1.8571928040206678,5,2,55,0.45599849116262414,9.262214776722342,9,4,16,0.4250817716640938,9.729996203770579,16
UGC05716,2,21.3,True,UGC 05716,157.9303053,25.3078291,58.711192705219545,58.711192705219545,1277.1158710799998,6,23,0.43724164526591053,21.55482518075805,5,0,16,2.7704538414616118,0.6224904637062567,0,12,48,0.43724164526591053,23.297909477327693,21,0,22,2.0200004624456023,0.7607817957049697,3
UGC05721,1,6.18,True,NGC 3274,158.0716756,27.6687995,59.21326114290325,59.21326114290325,528.0000001060537,1,14,1.9569880775994266,0.8279013696581141,0,0,9,2.1551284114147973,0.34586474612063856,1,8,40,1.5972490709821978,2.318130533969458,9,1,19,1.3205491574903878,0.6508313422242548,10
UGC05750,1,58.7,True,UGC 05750,158.9379693,20.9899388,58.52241431415976,58.52241431415976,4169.616334677094,1,3,1.892205747609501,1.4752958572786323,14,0,3,3.365374901379791,0.08064117635523085,4,1,4,1.892205747609501,1.4928766943230167,22,1,6,1.6135515648559486,0.22287741000585398,4
UGC05764,2,7.47,True,UGC 05764,159.1806369,31.5469787,60.42695894435684,60.42695894435684,581.897160978,0,22,2.2532696617997,1.2849059248671104,2,0,5,2.3786883209937497,0.22083750201339408,2,2,55,1.3671314178124194,2.1672406561086373,12,2,14,0.7003220194171026,2.940362560698433,11
UGC05829,2,8.64,True,UGC 05829,160.6746173,34.4488816,61.53053397153118,61.53053397153118,628.9645768839999,0,24,2.8120470640730275,1.1130654128811877,1,1,3,0.8900134811712708,1.621303254065029,3,3,66,1.2726217426632416,2.4281851963179837,13,3,14,0.8900134811712708,2.885436086621222,14
UGC05918,2,7.66,True,UGC 05918,162.40208,65.530556,47.121515927271524,47.121515927271524,339.964647372,2,14,0.8378446612445047,27.34678078216884,0,0,9,2.9997397292984513,0.5013317791164791,3,5,29,0.7351681777177409,29.104819843602403,13,2,16,0.9674521415758643,1.194770898398637,13
UGC05986,2,8.63,True,NGC 3432,163.1290498,36.618623,63.161852774924476,63.161852774924476,616.07350119,0,24,2.4388463764808774,1.2663154856930343,1,1,3,0.4755846795113606,9.586922545630806,3,4,67,1.2304785968797691,2.918915682819458,14,3,14,0.4755846795113606,10.246817919866585,15
UGC05999,2,47.7,True,UGC 05999,163.24637,7.6202164,55.829792210219075,55.829792210219075,3391.8518698119997,1,5,1.7395888226930534,0.4798128899337471,2,1,11,1.9595696897126156,1.8655257836761907,29,1,8,1.7395888226930534,0.5311304882005421,11,2,16,0.6116478999166212,4.450539826415671,63
UGC06399,1,18.0,True,UGC 06399,170.84676,50.892712,60.96052244663674,60.96052244663674,791.4521131033966,9,35,0.7239165411956822,13.310687427438095,4,0,13,2.7057422917399236,0.7849980154125658,1,14,55,0.7239165411956822,15.501788438091573,19,0,17,2.7057422917399236,0.8106101744858428,3
UGC06446,1,12.0,True,UGC 06446,171.6685962,53.7469469,59.139709073480866,59.139709073480866,646.05274699,5,23,0.6104434288053451,12.599078613465716,5,1,6,1.687191379729536,0.5698452137085245,0,14,51,0.23286160662261457,68.60898841979542,22,1,16,1.687191379729536,0.8127691747056329,3
UGC06614,1,88.7,True,UGC 06614,174.8119847,17.1436695,70.56379869277652,70.56379869277652,6358.9999989056105,3,31,0.8437820818231778,8.565662299526322,14,2,11,1.733196106622799,1.042742737496808,7,3,31,0.8437820818231778,8.565662299526322,14,2,11,1.733196106622799,1.042742737496808,7
UGC06628,2,15.1,True,UGC 06628,175.0241,45.9428,66.46617123458411,66.46617123458411,849.0122410559999,17,40,0.41890789425025543,40.63981178240938,1,0,13,2.6875603454314727,0.565258479651614,0,25,61,0.41890789425025543,43.400643137283964,11,0,17,2.6875603454314727,0.6219341191012406,1
UGC06667,1,18.0,True,UGC 06667,175.609601,51.598099,62.29007490623592,62.29007490623592,973.1263306596983,16,35,0.596166100173526,38.51853717644389,4,0,14,3.43685226340477,0.5529367770024256,1,23,57,0.4110151733725269,51.580455601814094,18,0,17,3.3609024114291293,0.5760494603088333,3
UGC06786,1,29.3,True,NGC 3900,177.2893645,27.0220066,76.14469226317298,76.14469226317298,1799.953917832,0,4,4.1090007505672625,0.19692204085068268,15,0,7,2.1996519300633635,0.46669734747253905,7,1,5,0.2967540183286803,21.124039805856686,27,1,13,1.8792223279002047,0.6878601292061514,28
UGC06787,2,21.3,True,NGC 3898,177.313612,56.0845081,58.96167416865942,58.96167416865942,1161.7857124874,10,31,0.510816718269179,34.295332583429435,6,0,11,3.026094685881446,0.5920849479362617,0,20,48,0.4431450557965165,51.808174267049814,23,0,17,2.2945284308383047,0.7255396110599378,7
UGC06818,2,18.0,True,UGC 06818,177.69563,45.807193,67.77826817951308,67.77826817951308,808.2404787596982,20,36,0.5417447922213015,42.82361500577001,2,0,4,3.593210529866136,0.22048924438008297,1,26,55,0.5417447922213015,46.63076487715905,10,0,6,3.593210529866136,0.23916818862892344,3
UGC06917,1,18.0,True,UGC 06917,179.1101361,50.4287882,64.44830247240313,64.44830247240313,910.7695113873966,21,36,0.2235926218420119,230.32976562859312,3,0,9,4.170520422946022,0.3069998384945748,1,29,56,0.2235926218420119,241.92115932752307,16,0,11,3.582479539148179,0.32929010596051755,4
UGC06923,2,18.0,True,UGC 06923,179.206091,53.160305,62.06375342898384,62.06375342898384,1086.6153618382846,14,31,0.07652064518008866,4688.492367552342,2,0,12,3.522609371984463,0.4292423236951295,1,21,53,0.07652064518008866,4697.5108344983655,17,0,17,2.7424238552293936,0.48746918853373483,4
UGC06930,1,18.0,True,UGC 06930,179.3222455,49.2832027,65.51065040920446,65.51065040920446,777.0620361463771,21,37,0.46184989649254066,79.33918255801271,2,0,7,4.402744996946012,0.1853144178692813,1,29,54,0.46184989649254066,90.66271814550748,12,0,9,3.928076825002805,0.20685628242726517,3
UGC06983,1,18.0,True,UGC 06983,179.7909,52.7072,62.6261272042853,62.6261272042853,1081.051603548,15,32,0.2222649272360428,495.8035093862095,2,0,11,3.6881661241358157,0.37241898384804406,1,22,54,0.2222649272360428,504.2341089323316,18,0,16,2.8681469621703877,0.42521580213306787,4
UGC07089,2,18.0,True,UGC 07089,181.49072,43.143313,71.52240848733423,71.52240848733423,769.867032144,16,47,0.06708581854076565,3518.6667493540267,1,0,3,3.0095929508733454,0.17626334076304812,1,22,66,0.06708581854076565,3520.831637923088,9,0,4,2.8728684035318803,0.212288052599503,2
UGC07125,1,19.8,True,UGC 07125,182.1762216,36.8027653,76.76183054575097,76.76183054575097,1069.0000000994576,6,42,0.9078580594225821,11.536752262368916,1,1,5,1.7579445674825063,0.5189955524014509,3,9,62,0.9078580594225821,12.318789107321964,12,1,7,1.7579445674825063,0.5595796884330857,13
UGC07151,1,6.87,True,NGC 4144,182.4942895,46.4574161,69.0074928958329,69.0074928958329,265.01653287199997,4,14,0.2101330373869351,198.11119280457478,2,0,3,2.918220932472505,0.1342945496391517,1,11,33,0.2101330373869351,200.64426780503652,25,0,7,2.918220932472505,0.18218736423308685,19
UGC07232,2,2.83,True,NGC 4190,183.43654,36.634031,77.58932864050283,77.58932864050283,228.14205274339608,2,4,0.6581631159626182,5.903926271516156,0,0,4,2.600219017091984,0.290651889013488,0,4,11,0.41829763846164253,12.37704748038129,0,1,11,1.5197674941798938,0.6271914303998548,0
UGC07261,2,13.1,True,NGC 4204,183.8100415,20.6587668,79.50368790483283,79.50368790483283,869.997713116,11,50,0.6117173604531562,20.41972651676785,11,0,1,4.975860936183395,0.019313994966789497,1,22,89,0.6117173604531562,25.640659495689704,24,0,4,2.777388874063319,0.07164007149686727,18
UGC07323,1,8.0,True,NGC 4242,184.37574,45.619298,70.31554049266323,70.31554049266323,515.043442844,9,23,0.23775012194586334,192.6940547097128,4,0,2,3.3635320807632305,0.11200041629005822,2,19,59,0.23775012194586334,211.33566331093826,22,0,8,2.1132997700868725,0.2674188386766534,11
UGC07524,1,4.74,True,NGC 4395,186.4535831,33.54686417,81.53288019542411,81.53288019542411,318.9791603223771,3,11,0.7464007711384497,13.34770566724947,0,0,11,2.6434025966218306,0.35195735805512246,0,10,32,0.5005260454757111,21.13406159602418,5,0,32,2.6434025966218306,0.5525772220157925,5
UGC07559,2,4.97,True,UGC 07559,186.7714738,37.14268004,78.74342154874446,78.74342154874446,219.448079256,4,13,0.5272762833598433,15.611855228457136,0,0,13,2.533275868130148,0.39106969879848924,0,10,31,0.27360574359852663,48.309263252887355,10,0,31,2.533275868130148,0.5342013075561323,10
UGC07577,2,2.59,True,UGC 07577,186.92042,43.495556,72.94224823275783,72.94224823275783,194.8650982995849,2,4,0.8283863313385784,4.1075541916015945,0,0,4,2.2676149107304986,1.9204717423616948,0,3,10,0.8283863313385784,4.563233578614963,0,0,10,2.256984366098647,2.217627548592857,0
UGC07603,1,4.7,True,NGC 4455,187.18381,22.820447,83.29153497218923,83.29153497218923,643.954199784,3,8,0.40585283545126977,70.76257475016155,0,0,8,4.449567497341482,0.18656355224638582,0,12,35,0.3846773598749363,82.58112859830942,3,0,35,2.8544958793731503,0.41075029941222463,3
UGC07608,1,8.21,True,UGC 07608,187.1841667,43.22413889,73.25971451656069,73.25971451656069,536.028914904,9,22,0.6336983159599011,33.51862174213596,3,0,2,3.525415825923781,0.09945579916453802,2,23,61,0.12539252184117566,294.57892337726577,25,0,8,2.3188616914253752,0.2147353283581963,11
UGC07690,2,8.11,True,UGC 07690,188.11207,42.704121,73.95231401243689,73.95231401243689,538.1274621099999,9,23,0.5343050121901867,41.86247732484821,3,0,3,3.4838425155925616,0.11012469342167312,2,22,61,0.15768025964208726,193.5511803732866,25,0,9,2.3658843054355407,0.2169932535381688,12
UGC07866,2,4.57,True,IC 3687,190.5630627,38.50183876,78.46503010207127,78.46503010207127,354.054892898,2,9,0.2470485658837178,78.99949804504982,0,0,9,2.141952238477557,0.37970769630290574,0,10,31,0.2470485658837178,92.25911425382749,3,0,31,2.141952238477557,0.608603020271545,3
UGC08286,1,6.5,True,NGC 5023,198.0525,44.04122222,72.57730806203962,72.57730806203962,407.118157964,5,14,0.24015687145626788,134.37887916704457,1,0,4,2.2583991606171665,0.23002547288892275,1,11,35,0.24015687145626788,143.94778177055016,25,0,8,2.2583991606171665,0.27168001361344274,11
UGC08490,1,4.65,True,NGC 5204,202.402125,58.41872222,58.005142278028586,58.005142278028586,200.86094685999998,3,12,1.463928911663286,1.7007288187072145,0,1,12,0.6864056406926653,3.8335325139194274,0,9,28,0.49995026449861996,11.202435324360813,8,1,28,0.6864056406926653,4.0108118503857515,8
UGC08550,1,6.7,True,NGC 5229,203.5121246,47.9148788,67.61238731213388,67.61238731213388,358.851572226,5,14,0.11768095837275108,876.2752442553905,1,1,3,1.7423523678799657,0.45829156100186696,1,9,31,0.11021194670666823,1387.9804931835895,23,1,7,1.7423523678799657,0.5009936297118633,13
UGC08699,2,39.3,True,NGC 5289,206.2863611,41.5034103,71.89207474660795,71.89207474660795,2526.051359033285,11,14,0.14503927096766023,1158.9879888131436,7,1,3,1.906958996446204,0.2753094848949902,3,16,24,0.14503927096766023,1160.2922780568529,19,2,10,1.8461639027474246,0.44179254317137057,5
UGC08837,2,7.21,True,UGC 08837,208.6908333,53.90330556,60.79662843161413,60.79662843161413,143.90037984,4,12,0.1654723527606819,402.3323228889334,5,1,1,1.0382759839700548,2.3239303719518696,1,4,22,0.1654723527606819,402.5254261067751,35,1,4,1.0382759839700548,2.356774720766106,12
UGC09037,2,83.6,True,UGC 09037,212.121441,7.0580253,62.85174816579013,62.85174816579013,5940.087762811999,1,16,1.3503990819494103,2.602989470587916,56,6,10,0.9825293508646044,5.697257469587657,9,1,16,1.3503990819494103,2.602989470587916,57,6,10,0.9825293508646044,5.697257469587657,9
UGC09133,1,57.1,True,NGC 5533,214.0322731,35.3438658,70.17481316614307,70.17481316614307,3857.129764628,2,23,1.077846433877625,4.445305587600574,20,0,0,5.0,0.0,0,2,33,1.077846433877625,4.725575725833878,35,0,0,5.0,0.0,0
UGC09992,2,10.7,True,UGC 09992,235.4493917,67.25425785,42.36561427744288,42.36561427744288,426.90446019199993,0,6,2.1023768022926137,0.506446509948646,2,1,1,1.8954659866473116,0.8432695693482208,2,1,11,0.4535993485313049,8.070054491764466,12,1,2,1.8954659866473116,0.8600584022710186,9
UGC10310,1,15.2,True,UGC 10310,244.0760405,47.0465236,45.52857179162238,45.52857179162238,715.904395699849,5,18,0.4199290594410694,20.934279218992256,6,0,6,3.476394667062897,0.30176276980964833,0,7,28,0.4199290594410694,21.79308878139375,11,1,11,0.5090925966655879,7.83139860272278,16
UGC11455,1,78.6,True,UGC 11455,292.4847246,72.1129945,22.844916372164253,22.844916372164253,5392.966526962,3,9,0.5522679555129963,14.586443930638184,9,1,1,1.7579623108383167,0.6608298354036586,16,4,10,0.07604596434665359,1250.432822472721,9,1,1,1.7579623108383167,0.6608298354036586,18
UGC11557,2,24.2,True,UGC 11557,306.0027368,60.1947942,12.814816225231695,12.814816225231695,1388.0390805399998,0,8,2.2676069685235176,1.2837205222082988,12,0,2,3.9576080577933324,0.0432997025728795,7,1,11,1.0897600693048146,1.629308420289276,36,0,5,3.9576080577933324,0.06319449789663173,16
UGC11820,1,18.1,True,UGC 11820,327.3684742,14.2308537,-29.515615729000007,29.515615729000007,1099.938528402,1,6,1.3957678821819923,1.2571482701446972,6,0,0,5.0,0.0,4,1,11,1.3957678821819923,1.3153346092321256,17,0,2,4.492102105513338,0.0122335299663663,10
UGC11914,1,16.9,True,NGC 7217,331.9683054,31.35934611,-19.707199818445854,19.707199818445854,945.0000001131605,2,11,0.8528106460022002,5.290437909680114,10,0,0,5.0,0.0,2,4,18,0.681443112337462,7.007195932709388,52,0,0,5.0,0.0,5
UGC12506,2,100.6,True,UGC 12506,349.8771127,16.074809,-41.38010574001954,41.38010574001954,7237.889313494,4,20,0.5249507558219952,15.371166944388639,7,1,2,1.4069502365781912,1.0262000056973841,26,4,20,0.5249507558219952,15.371166944388639,7,1,2,1.4069502365781912,1.0262000056973841,26
UGC12632,1,9.77,True,UGC 12632,352.4944505,40.99037714,-19.311034506139748,19.311034506139748,414.99999997831566,1,6,1.4448651092541689,1.5421652440596736,2,0,4,4.447542538856463,0.1568301451839837,0,1,9,1.4448651092541689,1.5866744263275334,16,0,4,4.447542538856463,0.1568301451839837,3
UGC12732,1,13.2,True,UGC 12732,355.165801,26.2365069,-33.983563226816635,33.983563226816635,747.0828053359999,1,5,1.8781854820491637,0.7166564906226338,6,0,0,5.0,0.0,0,1,12,1.8781854820491637,0.9595376988704755,20,0,0,5.0,0.0,1
UGCA442,1,4.35,True,UGCA 442,355.9403434,-31.95669689,-74.52938818397301,74.52938818397301,267.115080078,2,10,1.1612246897934222,3.3947285123819633,0,0,10,3.6816656330930067,0.32792852984755994,0,8,23,1.1612246897934222,4.963077872076136,2,0,23,2.780696129951843,0.5089213172623923,2
UGCA444,2,0.98,True,UGCA 444,0.4923563,-15.4610809,-73.62444047232319,73.62444047232319,-130.0000000127119,1,1,0.8266134993755433,5.382270812587478,0,1,1,0.9788869441162008,3.246064472488523,0,1,1,0.8266134993755433,5.382270812587478,0,1,1,0.9788869441162008,3.246064472488523,0
