L,energy_focus
0.001219256404729373,0.19439334166290165
0.002007052690580739,0.08112778796968259
0.0027948489764321053,0.017816524022318474
0.003582645262283471,0.009471921231054708
0.004370441548134837,0.03317264088495999
0.005158237833986204,0.06718361223485364
0.00594603411983757,0.09573641980374108
0.006733830405688935,0.11065592636624019
0.0075216266915403025,0.11581319771578652
0.008309422977391668,0.1166898106870266
0.009097219263243035,0.10816990368651673
0.0098850155490944,0.08487874042964381
0.010672811834945766,0.05126553147724203
0.011460608120797133,0.025406106257778567
0.012248404406648499,0.017272920562922515
0.013036200692499866,0.02283368149567578
0.013823996978351231,0.031037928748100317
0.014611793264202597,0.034045738420274585
0.015399589550053964,0.029395917131441934
0.01618738583590533,0.01879363587250599
0.016975182121756697,0.00729505812358375
0.01776297840760806,0.0007837967537386077
0.018550774693459428,0.0006705661974485578
0.019338570979310795,0.0035157795617779463
0.02012636726516216,0.005330668436028325
0.020914163551013526,0.0049090537847153335
0.021701959836864893,0.003317985053815216
0.02248975612271626,0.0019710135574290133
0.023277552408567624,0.001455902701532548
0.02406534869441899,0.0013098187366879345
0.02485314498027036,0.0008013715559469435
0.025640941266121722,0.00018499765035620656
0.02642873755197309,3.9391578473290736e-05
0.027216533837824457,0.00042311529806306935
0.02800433012367582,0.0008231284962494773
0.028792126409527188,0.0008496601842601518
0.029579922695378555,0.00047698686460418907
0.03036771898122992,6.119285566046217e-05
0.031155515267081286,0.00032806234851873026
0.03194331155293265,0.0017182890593451397
0.03273110783878402,0.003515239705531918
0.03351890412463538,0.00419592874718835
0.034306700410486744,0.0026301832381744167
0.035094496696338115,0.00023014977070750058
0.03588229298218948,0.001042981639697571
0.03667008926804084,0.005145217295374196
0.03745788555389221,0.008701682067345798
0.03824568183974358,0.0079960520163059
0.03903347812559494,0.0033579872835304914
0.03982127441144631,0.00046089699901623446
0.040609070697297675,0.0010723299416313037
0.041396866983149046,0.0034373756573269623
0.04218466326900041,0.006946656663469743
0.04297245955485177,0.011062831408692391
0.043760255840703144,0.014754822721437315
0.04454805212655451,0.016811912553203762
0.04533584841240587,0.016264319265183135
0.04612364469825724,0.013170607532869104
0.046911440984108606,0.008549061847035525
0.04769923726995997,0.004208447814430906
0.04848703355581134,0.0014261056754337799
0.049274829841662704,0.00021256691174345455
0.05006262612751407,0.00015461502705238045
0.05085042241336544,0.002119341063533482
0.0516382186992168,0.006884430581547513
0.052426014985068166,0.013028543733777705
0.05321381127091954,0.017081281391359206
0.0540016075567709,0.015428361827759189
0.054789403842622264,0.00846463680512678
0.055577200128473635,0.0032954351708361354
0.056364996414325,0.004936530046628632
0.05715279270017636,0.010940221401585543
0.05794058898602773,0.01260373153492969
0.0587283852718791,0.0059870676189435895
0.05951618155773046,0.0010103127307577939
0.06030397784358183,0.002876274773609564
0.061091774129433195,0.005671969807535512
0.06187957041528456,0.005170550232075555
0.06266736670113593,0.0026601226828454425
0.06345516298698729,0.001436909383593423
0.06424295927283867,0.0030737883974134433
0.06503075555869003,0.004775925168652833
0.0658185518445414,0.0038877930575847404
0.06660634813039276,0.0031277219536733638
0.06739414441624413,0.003189490049045072
0.0681819407020955,0.002741743386301964
0.06896973698794687,0.0017100737144912625
0.06975753327379823,0.0009590995792982707
0.0705453295596496,0.0007144477907283916
0.07133312584550096,0.0004396818546692433
0.07212092213135232,0.00010295549697879272
0.0729087184172037,1.9187966901989753e-05
0.07369651470305506,0.0002709986121581223
0.07448431098890643,0.0006353494442289948
0.07527210727475779,0.0009681007839056229
0.07605990356060915,0.0012751956764415382
0.07684769984646052,0.0016057098777969682
0.0776354961323119,0.001985969737504899
0.07842329241816326,0.0023877730775683243
0.07921108870401462,0.0027470214545617837
0.07999888498986599,0.0029911582221568396
0.08078668127571735,0.0030539106056142185
0.08157447756156873,0.0028952871760069485
0.08236227384742009,0.0025279727303874145
0.08315007013327146,0.0020065217358837964
0.08393786641912282,0.0014089848008790396
0.08472566270497418,0.0008290160266482036
0.08551345899082555,0.0003718439063946521
0.08630125527667692,0.00013606149497506984
0.08708905156252829,0.0001721844752361117
0.08787684784837965,0.00046838565603670443
0.08866464413423102,0.0009528854225917792
0.08945244042008238,0.001508744044349277
0.09024023670593374,0.0020008469737032644
0.09102803299178512,0.002324963775587833
0.09181582927763648,0.0024870027407935336
0.09260362556348785,0.002596821892198705
0.09339142184933921,0.002774925396163239
0.09417921813519058,0.0030981614937821756
0.09496701442104194,0.003574710015375849
0.09575481070689332,0.004137007379311992
0.09654260699274468,0.004652142877106008
0.09733040327859604,0.004949447008528576
0.09811819956444741,0.004866123191261489
0.09890599585029877,0.004312171832979347
0.09969379213615014,0.003359842763067861
0.10048158842200151,0.002343153562296012
0.10126938470785288,0.0017552930233692818
0.10205718099370424,0.0018339634819791264
0.1028449772795556,0.0024090885056657976
0.10363277356540697,0.002936357717617434
0.10442056985125835,0.002798968197244857
0.10520836613710971,0.0019208051740725982
0.10599616242296107,0.000856844182718235
0.10678395870881244,0.00013712055194595003
0.1075717549946638,6.978234729924107e-05
0.10835955128051517,0.0006910836358047537
0.10914734756636654,0.0018217720996222052
0.1099351438522179,0.0031557076011457536
0.11072294013806927,0.004342108229139223
0.11151073642392063,0.005141714587042937
0.112298532709772,0.0053896672011746315
0.11308632899562336,0.004877175340491971
0.11387412528147474,0.003684938249738281
0.1146619215673261,0.0026176257217691676
0.11544971785317747,0.003007255395576042
0.11623751413902883,0.005215100858840888
0.1170253104248802,0.007820276226772591
0.11781310671073156,0.00825250934096243
0.11860090299658294,0.005721945992372961
0.1193886992824343,0.003505536400833613
0.12017649556828566,0.0037136276243219715
0.12096429185413703,0.005331095773336461
0.12175208813998839,0.005968642974320863
0.12253988442583975,0.004912329827021063
0.12332768071169113,0.002908817431131982
0.1241154769975425,0.0010617978670072058
0.12490327328339386,0.00011318987045319667
0.12569106956924522,0.00010472675709759248
0.12647886585509657,0.0008050385561674061
0.12726666214094795,0.0018224421563460898
0.1280544584267993,0.002621368036043014
0.12884225471265068,0.0027486410727444333
0.12963005099850206,0.0022037806921800197
0.1304178472843534,0.0014931128433320643
0.13120564357020478,0.0012476617682851147
0.13199343985605613,0.0014911208726598952
0.1327812361419075,0.0014026939926529004
0.13356903242775886,0.000497573967011955
0.13435682871361024,1.0007974007082973e-05
0.13514462499946162,0.0007911618320646172
0.13593242128531297,0.001679607426850243
0.13672021757116434,0.0011772933629835432
0.1375080138570157,0.0007669744329672515
0.13829581014286707,0.0014732313926998255
0.13908360642871845,0.0020665881228788046
0.1398714027145698,0.0012708155604119918
0.14065919900042118,5.331227459668324e-05
0.14144699528627253,0.0007301233791697738
0.1422347915721239,0.002341266196310008
0.14302258785797525,0.002991064532921047
0.14381038414382663,0.0021553419183493964
0.144598180429678,0.000956417815415638
0.14538597671552936,0.0005833263382188556
0.14617377300138074,0.0012216221349544525
0.14696156928723209,0.001977911861340964
0.14774936557308346,0.0018365103233500422
0.14853716185893484,0.0011847115292251467
0.1493249581447862,0.000952921727771372
0.15011275443063757,0.0015973521294311006
0.15090055071648892,0.0027488582716933634
0.1516883470023403,0.003404967845544318
0.15247614328819165,0.002693748421758101
0.15326393957404302,0.001203378458638571
0.1540517358598944,0.0006693365313074121
0.15483953214574575,0.001038757545506553
0.15562732843159713,0.0009632048519813414
0.15641512471744848,0.0008483583937421833
0.15720292100329986,0.0018296313296758103
0.15799071728915123,0.0034486422875966687
0.15877851357500258,0.003881155927008741
0.15956630986085396,0.003505021248575706
0.1603541061467053,0.0031986022542973215
0.1611419024325567,0.002732808546711892
0.16192969871840807,0.0019387392329433253
0.16271749500425942,0.0011185961068458446
0.1635052912901108,0.0005908968345061097
0.16429308757596214,0.0005299010489096899
0.16508088386181352,0.001008340284045265
0.16586868014766487,0.0016175567164736777
0.16665647643351625,0.0017744727337250343
0.16744427271936763,0.002206601600289275
0.16823206900521898,0.004189683637690774
0.16901986529107035,0.005776730531376779
0.1698076615769217,0.004985285675330544
0.17059545786277308,0.0033804963350542333
0.17138325414862446,0.004044029045840649
0.1721710504344758,0.00538692783156502
0.1729588467203272,0.004919691260103193
0.17374664300617854,0.002523609941200283
0.1745344392920299,0.0004016965789444339
0.17532223557788126,0.0005877184592697074
0.17611003186373264,0.003303801290599641
0.17689782814958402,0.006734296276272317
0.17768562443543537,0.008334794552357302
0.17847342072128675,0.007498139387390349
0.1792612170071381,0.005078943998735621
0.18004901329298947,0.0025453736244704446
0.18083680957884085,0.0015083558467052244
0.1816246058646922,0.002600233912624692
0.18241240215054358,0.004300452228024817
0.18320019843639493,0.004669443740665415
0.1839879947222463,0.002947820020215577
0.18477579100809768,0.0009655838318871294
0.18556358729394903,0.001843477336550839
0.1863513835798004,0.004467389597011219
0.18713917986565176,0.005774231508882325
0.18792697615150314,0.004442112049180736
0.1887147724373545,0.0022381497256406158
0.18950256872320587,0.0012598764074201413
0.19029036500905724,0.0018237904065143864
0.1910781612949086,0.0029665480947235
0.19186595758075997,0.003285062464561755
0.19265375386661132,0.001293829090578441
0.1934415501524627,0.0003493117575253924
0.19422934643831408,0.002943559770551376
0.19501714272416543,0.004945676183652639
0.1958049390100168,0.0025569104339496123
0.19659273529586815,0.0014625660962654093
0.19738053158171953,0.003990909867373481
0.19816832786757088,0.00633798186487026
0.19895612415342226,0.005843975205863802
0.19974392043927364,0.002888038153661562
0.200531716725125,0.0003479199804311029
0.20131951301097636,0.001333131699058757
0.20210730929682771,0.005104830277959079
0.2028951055826791,0.0072518759355898075
0.20368290186853047,0.004624857938620406
0.20447069815438182,0.0010520525337529613
0.2052584944402332,0.0008247479401860861
0.20604629072608455,0.003946726555312605
0.20683408701193592,0.007112452520849429
0.2076218832977873,0.007740896972308193
0.20840967958363865,0.005313065162070885
0.20919747586949003,0.0016129697244447602
0.20998527215534138,3.55713954439954e-05
0.21077306844119276,0.0017248661185379714
0.2115608647270441,0.004510206611578624
0.21234866101289548,0.005114096428692619
0.21313645729874686,0.0034826093973790674
0.2139242535845982,0.0013949403297659076
0.2147120498704496,0.0003535712453845854
0.21549984615630094,0.0006779428707784025
0.21628764244215232,0.0017085271756198677
0.2170754387280037,0.0024676046445295083
0.21786323501385504,0.002256598570221166
0.21865103129970642,0.0013531412847674798
0.21943882758555777,0.00046240085667736145
0.22022662387140915,0.00015205679396760094
0.2210144201572605,0.0005784249013132993
0.22180221644311188,0.001431403613193979
0.22259001272896325,0.002121705012067132
0.2233778090148146,0.0020810546675652034
0.22416560530066598,0.0012073862871717332
0.22495340158651733,0.00023190209806721977
0.2257411978723687,0.00011748774263800393
0.2265289941582201,0.001485867398085509
0.22731679044407144,0.0035098384192249633
0.22810458672992281,0.004095347479307481
0.22889238301577416,0.0027329673501006306
0.22968017930162554,0.0010781583456700335
0.23046797558747692,0.0009013694489237551
0.23125577187332827,0.002911224115214029
0.23204356815917965,0.006080620129816858
0.232831364445031,0.0077817878840974195
0.23361916073088237,0.005867381476380907
0.23440695701673372,0.0019229817501354302
0.2351947533025851,0.0002397902866063779
0.23598254958843648,0.0027447850308076845
0.23677034587428783,0.0074327565621819525
0.2375581421601392,0.010959261566385978
0.23834593844599056,0.0107983675123039
0.23913373473184193,0.006809139056361909
0.2399215310176933,0.0023696958755002814
0.24070932730354466,0.0003614141641035925
0.24149712358939604,0.0010972090917968022
0.2422849198752474,0.0032107357091230517
0.24307271616109877,0.0052687040493190045
0.24386051244695012,0.006228937922814259
0.2446483087328015,0.005608273140504289
0.24543610501865287,0.0037714185270262433
0.24622390130450422,0.0021425547453633397
0.2470116975903556,0.0019433199553477022
0.24779949387620695,0.002876737894125454
0.24858729016205833,0.003343420825252395
0.2493750864479097,0.0021431660098763356
0.2501628827337611,0.0005007664219534524
0.25095067901961243,4.117771640346238e-05
0.2517384753054638,0.0008784797764506135
0.25252627159131513,0.0015988661844102028
0.25331406787716654,0.0013738311865255006
0.2541018641630179,0.0014746506394791538
0.25488966044886924,0.0019917287899729125
0.25567745673472064,0.0020189857266759907
0.256465253020572,0.0012057919889229456
0.25725304930642334,0.00033147646702840513
0.25804084559227475,0.0004871078392017533
0.2588286418781261,0.0010145982420793277
0.25961643816397745,0.0006928537248269088
0.2604042344498288,0.00045863257455805304
0.2611920307356802,0.0012534414405075923
0.26197982702153155,0.0023440822153734087
0.2627676233073829,0.0022148111212217676
0.2635554195932343,0.0008605409507203327
0.26434321587908566,0.0005379908942202444
0.265131012164937,0.0017921812612424462
0.26591880845078836,0.0024963292045756696
0.26670660473663976,0.0016902722259708382
0.2674944010224911,0.00043017636087202545
0.26828219730834246,0.0006050816309384119
0.26906999359419387,0.002698850331147064
0.2698577898800452,0.004329951755977272
0.27064558616589657,0.003053108767205099
0.2714333824517479,0.0007886619959256015
0.2722211787375993,0.0003522495420019859
0.2730089750234507,0.0023773775572529143
0.273796771309302,0.00485583758905009
0.27458456759515343,0.0051257164051425426
0.2753723638810048,0.0033932459803863784
0.27616016016685613,0.0014155356512648499
0.27694795645270753,0.0007063379987183566
0.2777357527385589,0.0017276494954578626
0.27852354902441023,0.003841844920312158
0.2793113453102616,0.005632269689903695
0.280099141596113,0.005675332466329481
0.28088693788196434,0.0038253242434916285
0.2816747341678157,0.0014254604842228664
0.2824625304536671,0.00016188003089751115
0.28325032673951844,0.0008901141047929569
0.2840381230253698,0.0026910497554901974
0.28482591931122114,0.003676593667937758
0.28561371559707255,0.0032124431549718662
0.2864015118829239,0.0021182105143990578
0.28718930816877525,0.0015744280369705528
0.28797710445462665,0.0021163375380016535
0.288764900740478,0.0032914722453053448
0.28955269702632935,0.004223193932301394
0.29034049331218076,0.004668781371615055
0.2911282895980321,0.004701924853365916
0.29191608588388346,0.004368780769027949
0.2927038821697348,0.003313358020864664
0.2934916784555862,0.0016076765528659108
0.29427947474143756,0.0006679696994116761
0.2950672710272889,0.0014086703589560505
0.2958550673131403,0.0019329407528686498
0.29664286359899167,0.0008724145174602248
0.297430659884843,0.0009754537582343088
0.29821845617069437,0.003201188308397389
0.2990062524565458,0.005140339270003354
0.2997940487423971,0.005045225683827817
0.3005818450282485,0.003923098795390209
0.3013696413140999,0.003691597250260483
0.30215743759995123,0.0046726329861992676
0.3029452338858026,0.005198675336833607
0.30373303017165393,0.0035886760138013766
0.30452082645750533,0.0011483850499053342
0.3053086227433567,1.1510847021773292e-06
0.30609641902920803,0.0009642963631973069
0.30688421531505944,0.0030502902677838626
0.3076720116009108,0.0045335144142376604
0.30845980788676214,0.004725787388105974
0.30924760417261354,0.003930818292608951
0.3100354004584649,0.0028355309432956536
0.31082319674431624,0.0021270239577415467
0.3116109930301676,0.002103549937807237
0.312398789316019,0.002007507693211309
0.31318658560187035,0.0009696370490842197
0.3139743818877217,8.82727574384017e-05
0.3147621781735731,0.00014686571044392172
0.31554997445942445,0.0007629220800390134
0.3163377707452758,0.0012545119855947924
0.31712556703112715,0.0014057244680894514
0.31791336331697856,0.0016996601703931512
0.3187011596028299,0.0020938183666694547
0.31948895588868126,0.002115267845860737
0.32027675217453266,0.0019919667319811176
0.321064548460384,0.0020515643404867647
0.32185234474623536,0.0021107403734009133
0.32264014103208677,0.0019012247275609804
0.3234279373179381,0.0015788221237726322
0.32421573360378947,0.0014251390401918607
0.3250035298896408,0.0015208951933282778
0.3257913261754922,0.0017146285370011334
0.3265791224613436,0.002008638783070931
0.3273669187471949,0.002484162732040957
0.32815471503304633,0.0025385178507045256
0.3289425113188977,0.0015891272309769848
0.32973030760474903,0.0004376466256393836
0.3305181038906004,0.0001765148605093995
0.3313059001764518,0.0013438134462316809
0.33209369646230313,0.0036419509300085434
0.3328814927481545,0.005970793398610829
0.3336692890340059,0.006870305388500177
0.33445708531985724,0.005616950309150663
0.3352448816057086,0.0034951924532465794
0.33603267789156,0.001942266354967352
0.33682047417741134,0.0014593394112535822
0.3376082704632627,0.0016566457392233336
0.33839606674911404,0.0020313178583432154
0.33918386303496545,0.0024936425634351027
0.3399716593208168,0.0033755554114036235
0.34075945560666815,0.005321832274011297
0.34154725189251955,0.008852617022821072
0.3423350481783709,0.013986865079967312
0.34312284446422225,0.019533921916358134
0.3439106407500736,0.022604166443747128
0.344698437035925,0.020465353449793902
0.34548623332177636,0.014033260910751584
0.3462740296076277,0.007256709277295865
0.3470618258934791,0.002990704439903231
0.34784962217933046,0.0017212989694894724
0.3486374184651818,0.0031836270808332902
0.34942521475103316,0.006708204666324441
0.35021301103688457,0.011192203526271191
0.3510008073227359,0.01493706456040355
0.35178860360858727,0.016132564807929496
0.3525763998944387,0.01375304008198204
0.35336419618029,0.008222451503444621
0.3541519924661414,0.0026728201556479284
0.3549397887519928,0.00165136826699961
0.35572758503784413,0.005518817841876286
0.3565153813236955,0.009765556434734316
0.35730317760954683,0.00926505577933102
0.35809097389539823,0.005130292528705955
0.3588787701812496,0.0012944395163140597
0.35966656646710093,0.0002909684317884681
0.36045436275295234,0.0014492118610774213
0.3612421590388037,0.0018502488470307056
0.36202995532465504,0.0006117457477113092
0.3628177516105064,0.0006212966397595356
0.3636055478963578,0.0012943021272465941
0.36439334418220914,0.0008771704821408401
0.3651811404680605,0.00019099502579684807
0.3659689367539119,0.0005602872488899222
0.36675673303976325,0.0007000988581624846
0.3675445293256146,0.00016029010073454267
0.368332325611466,0.00023294593617011552
0.36912012189731735,0.0012625963551123292
0.3699079181831687,0.0021967053621906726
0.37069571446902005,0.0017485221224801059
0.37148351075487146,0.00027733040969148934
0.3722713070407228,0.0004283781628347285
0.37305910332657416,0.0032276686274282608
0.37384689961242556,0.006799848073641189
0.3746346958982769,0.009105676352189144
0.37542249218412826,0.009102447257037998
0.3762102884699796,0.006649419830949682
0.376998084755831,0.002814799101033303
0.37778588104168237,0.00013555265774284895
0.3785736773275337,0.0013214477944216785
0.3793614736133851,0.006832955327650599
0.3801492698992365,0.014310771295384463
0.3809370661850878,0.0194289566931238
0.38172486247093923,0.017943929297500737
0.3825126587567906,0.009714922541554082
0.38330045504264193,0.0018826080295623827
0.3840882513284933,0.00031163653543493907
0.3848760476143447,0.005185297356998712
0.38566384390019604,0.012686798691069676
0.3864516401860474,0.017627432697279736
0.3872394364718988,0.01672389509731418
0.38802723275775014,0.013212096062597586
0.3888150290436015,0.010654966061358967
0.38960282532945284,0.009215008852785204
0.39039062161530425,0.00849874033767198
0.3911784179011556,0.008094986992962275
0.39196621418700694,0.007113247741676884
0.39275401047285835,0.005005935727977152
0.3935418067587097,0.0025148405176951584
0.39432960304456105,0.0006833583730443505
0.3951173993304124,6.489349287173442e-05
0.3959051956162638,0.000530033644215266
0.39669299190211516,0.0013799628997416026
0.3974807881879665,0.001781761322411264
0.3982685844738179,0.001511229288851292
0.39905638075966926,0.000919357134993414
0.3998441770455206,0.00043684089525826127
0.400631973331372,0.00027243988584021333
0.40141976961722337,0.0003308130470119526
0.4022075659030747,0.0003492404335656977
0.40299536218892607,0.0002214138104054756
0.40378315847477747,7.1492351616595e-05
0.4045709547606288,9.842694503964095e-05
0.40535875104648017,0.0004293253612500316
0.4061465473323316,0.0009968284563828763
0.4069343436181829,0.0013372378052373581
0.4077221399040343,0.0009786913263005504
0.4085099361898856,0.0005380493968613941
0.40929773247573703,0.0013395895385225154
0.4100855287615884,0.002848678032466534
0.41087332504743973,0.003006578489967363
0.41166112133329114,0.0013983660996080393
0.4124489176191425,0.00014001434311349795
0.41323671390499384,0.0020272086082300475
0.41402451019084524,0.0064241167613614545
0.4148123064766966,0.009692518028881601
0.41560010276254794,0.010493157322854307
0.4163878990483993,0.009622757677121535
0.4171756953342507,0.008177186923479941
0.41796349162010205,0.006705411509398039
0.4187512879059534,0.005337468803493935
0.4195390841918048,0.004134564673887006
0.42032688047765615,0.003164977731767842
0.4211146767635075,0.00243451012331471
0.42190247304935885,0.0016766915586208047
0.42269026933521026,0.0010999487105491897
0.4234780656210616,0.0021271727027982854
0.42426586190691296,0.006193666888303046
0.42505365819276436,0.012170336440897527
0.4258414544786157,0.017171210811329784
0.42662925076446706,0.0180242775932702
0.4274170470503184,0.0134652759002402
0.4282048433361698,0.006614814869850417
0.42899263962202117,0.0014564595744005707
0.4297804359078725,0.0003767819071398957
0.4305682321937239,0.0032950380290265335
0.43135602847957527,0.007821982037178618
0.4321438247654266,0.010763525659288224
0.432931621051278,0.011073124247821305
0.4337194173371294,0.009439745892504979
0.4345072136229807,0.007220218980374749
0.4352950099088321,0.00578445348536397
0.4360828061946835,0.005867390325840851
0.43687060248053483,0.007295292915672207
0.4376583987663862,0.009064044732739264
0.4384461950522376,0.009842913542168156
0.43923399133808894,0.008995933375795375
0.4400217876239403,0.006704101604670794
0.44080958390979164,0.0037929279199756527
0.44159738019564304,0.0012829488374511973
0.4423851764814944,5.3191706765385995e-05
0.44317297276734574,0.0005392922694954905
0.44396076905319715,0.002625010369200335
0.4447485653390485,0.005712057449517886
0.44553636162489985,0.008902322314167228
0.44632415791075125,0.011308147440152131
0.4471119541966026,0.012470665735524756
0.44789975048245395,0.012764318407872118
0.4486875467683053,0.013382017985525584
0.4494753430541567,0.015109408727298438
0.45026313934000806,0.017744939516766676
0.4510509356258594,0.02009163371439313
0.4518387319117108,0.020391242244400476
0.45262652819756216,0.01724245409118862
0.4534143244834135,0.011206898976611642
0.45420212076926486,0.005576337476837235
0.45498991705511627,0.0033654737565303808
0.4557777133409676,0.0055258798545086895
0.45656550962681897,0.010477401056845748
0.45735330591267037,0.014492281122391622
0.4581411021985217,0.014528061049543309
0.45892889848437307,0.012877995952865331
0.4597166947702245,0.01216908443146875
0.4605044910560758,0.011868643194380416
0.4612922873419272,0.011100245279741365
0.4620800836277785,0.010603653783054817
0.46286787991362993,0.0128045845503488
0.4636556761994813,0.018455595045458614
0.46444347248533263,0.02589049728572744
0.46523126877118404,0.03297302502128234
0.4660190650570354,0.038123900555536654
0.46680686134288674,0.040420852272758184
0.4675946576287381,0.0398612307521357
0.4683824539145895,0.03702608243109165
0.46917025020044084,0.03274203696249019
0.4699580464862922,0.02784915358455637
0.4707458427721436,0.023010371497426376
0.47153363905799495,0.018603215663839122
0.4723214353438463,0.014930016729476258
0.47310923162969765,0.012171362983485002
0.47389702791554905,0.010361206086099223
0.4746848242014004,0.009393192138684878
0.47547262048725175,0.009053528341503638
0.47626041677310316,0.009122971136050616
0.4770482130589545,0.00941203349800413
0.47783600934480586,0.009758481194443717
0.47862380563065726,0.010030502596466503
0.4794116019165086,0.01012447661157009
0.48019939820235996,0.009947527409613716
0.4809871944882113,0.009440911955428595
0.4817749907740627,0.008590414975402562
0.48256278705991407,0.007441305013127767
0.4833505833457654,0.006114180622103854
0.4841383796316168,0.004820741040464222
0.48492617591746817,0.0039037596745225894
0.4857139722033195,0.0038086916682731537
0.48650176848917087,0.004726827227805132
0.4872895647750223,0.006406160626233739
0.4880773610608736,0.008349148284424415
0.488865157346725,0.010048761496453113
0.4896529536325764,0.01109428393152647
0.49044074991842773,0.011316577572099817
0.4912285462042791,0.010965131914576124
0.4920163424901305,0.010398365178534295
0.49280413877598184,0.00987332710415752
0.4935919350618332,0.00946599872638362
0.49437973134768454,0.009114428748314475
0.49516752763353594,0.008727728518135825
0.4959553239193873,0.008213282203986249
0.49674312020523864,0.007501666329464366
0.49753091649109005,0.006586547902233063
0.4983187127769414,0.005479389367085467
0.49910650906279275,0.004237793441074909
0.4998943053486441,0.0029762410981364184
0.5006821016344956,0.0018587706798959683
0.5014698979203469,0.0010293657803105679
0.5022576942061983,0.0005756754553208553
0.5030454904920496,0.000512229175900453
0.503833286777901,0.0007720486045455011
0.5046210830637524,0.0012173824852499278
0.5054088793496038,0.0016698937208814316
0.5061966756354551,0.00195744865117648
0.5069844719213065,0.001979297015109673
0.5077722682071578,0.0017718403912957113
0.5085600644930092,0.001479272435150304
0.5093478607788605,0.0012562730609121712
0.510135657064712,0.001215565417016757
0.5109234533505633,0.0014189662914417067
0.5117112496364147,0.0018863542035377464
0.512499045922266,0.0026005834503480796
0.5132868422081174,0.003506181548211431
0.5140746384939687,0.004500094078840297
0.5148624347798202,0.005437626983576238
0.5156502310656715,0.006149675243693326
0.5164380273515229,0.006484146120766353
0.5172258236373742,0.006312979506455984
0.5180136199232256,0.005550895137612224
0.5188014162090769,0.004238278575567464
0.5195892124949283,0.0026402928529591593
0.5203770087807797,0.0011569381269345826
0.5211648050666311,0.00022925369817470523
0.5219526013524824,0.00021043010086798367
0.5227403976383338,0.001226488577786356
0.5235281939241851,0.003010604965626569
0.5243159902100365,0.004938089916184055
0.5251037864958878,0.006234432169770525
0.5258915827817393,0.0063897380618285786
0.5266793790675907,0.005290398296536504
0.527467175353442,0.0033054554157864614
0.5282549716392934,0.0013982441173728223
0.5290427679251447,0.0002845128615158636
0.5298305642109961,0.00018201948024329224
0.5306183604968474,0.0008968352966269883
0.5314061567826989,0.0019163709372509105
0.5321939530685502,0.002614468051225411
0.5329817493544016,0.002642024476057389
0.5337695456402529,0.0021060806147256118
0.5345573419261043,0.0013102366898640847
0.5353451382119556,0.0005717834377767311
0.536132934497807,0.00011917340436282857
0.5369207307836584,3.699239079868497e-05
0.5377085270695098,0.0002612883802293731
0.5384963233553611,0.0006252621373630432
0.5392841196412125,0.0009589660835045746
0.5400719159270638,0.001239987795634571
0.5408597122129152,0.0016215577121083968
0.5416475084987665,0.0022061649391763192
0.542435304784618,0.002918212774350839
0.5432231010704693,0.0034913114291314027
0.5440108973563207,0.0035375770447566646
0.544798693642172,0.002753577484594822
0.5455864899280234,0.0014223868317394712
0.5463742862138747,0.00030359858987054144
0.5471620824997262,0.00043854618755895366
0.5479498787855775,0.002805123603353301
0.5487376750714289,0.0070770110227369445
0.5495254713572802,0.010702195444615207
0.5503132676431316,0.010457937049367988
0.551101063928983,0.006542997680556044
0.5518888602148343,0.005057401957266559
0.5526766565006858,0.01144615253985605
0.5534644527865371,0.02359175255724182
0.5542522490723885,0.02908938117419673
0.5550400453582398,0.01768605267074727
0.5558278416440912,0.0027613403787674776
0.5566156379299425,0.007435757122331317
0.5574034342157939,0.028119352141071852
0.5581912305016453,0.039364564624746815
0.5589790267874967,0.03739995595871127
0.559766823073348,0.02972767356279739
0.5605546193591994,0.022650699438072207
0.5613424156450507,0.016390210782978986
0.5621302119309021,0.010400400011863636
0.5629180082167534,0.006147319278137846
0.5637058045026049,0.005119254022392526
0.5644936007884562,0.008105893127368759
0.5652813970743076,0.014822588815403593
0.5660691933601589,0.023840283430130935
0.5668569896460103,0.03348742724750504
0.5676447859318616,0.042157690512912176
0.568432582217713,0.048256108423851335
0.5692203785035644,0.05041440849435726
0.5700081747894158,0.047910171968830365
0.5707959710752671,0.041383155944077384
0.5715837673611185,0.03235067977701239
0.5723715636469698,0.022518250306086375
0.5731593599328212,0.0134358854647095
0.5739471562186725,0.0062846378205201146
0.574734952504524,0.0017501490148922353
0.5755227487903753,3.121430021985779e-05
0.5763105450762267,0.0008799418381804595
0.577098341362078,0.0036922941661960374
0.5778861376479294,0.007607922057185343
0.5786739339337807,0.011720671640121087
0.5794617302196322,0.015303282862695075
0.5802495265054836,0.017941916871818286
0.5810373227913349,0.019454822241952822
0.5818251190771863,0.019822534523221937
0.5826129153630376,0.019159049180055406
0.583400711648889,0.01768581444889225
0.5841885079347403,0.015667030994202625
0.5849763042205918,0.013365433414751979
0.5857641005064431,0.010970788379975142
0.5865518967922945,0.008623426237969087
0.5873396930781458,0.006440047873566744
0.5881274893639972,0.004513683360406932
0.5889152856498485,0.0029101548667075077
0.5897030819356999,0.0016662822740059514
0.5904908782215513,0.0007896427014889125
0.5912786745074027,0.00025935505001054016
0.592066470793254,3.094259458747858e-05
0.5928542670791054,4.689666849383013e-05
0.5936420633649567,0.00024405991129385708
0.5944298596508081,0.0005560640510384906
0.5952176559366594,0.0009176959931401184
0.5960054522225109,0.0012688276498122259
0.5967932485083622,0.0015652461614264158
0.5975810447942136,0.0017791402107369503
0.5983688410800649,0.001897857293214776
0.5991566373659163,0.001922887316960489
0.5999444336517676,0.0018653316596000636
0.600732229937619,0.0017421731997745444
0.6015200262234704,0.0015729189748939034
0.6023078225093218,0.001377151218765728
0.6030956187951731,0.0011720306424870765
0.6038834150810245,0.0009705888049375411
0.6046712113668758,0.000781487709010167
0.6054590076527272,0.000609676086965485
0.6062468039385785,0.00045724705573668153
0.60703460022443,0.000324091517562292
0.6078223965102814,0.00020972670020184668
0.6086101927961327,0.00011549365830498973
0.6093979890819841,4.572270347926503e-05
0.6101857853678354,7.195348124990827e-06
0.6109735816536868,7.600356671102432e-06
0.6117613779395382,5.3868642699652016e-05
0.6125491742253896,0.000150708686540514
0.6133369705112409,0.0002994656563469558
0.6141247667970923,0.0004974054053449946
0.6149125630829436,0.0007372887873463934
0.615700359368795,0.0010074856668850721
0.6164881556546463,0.0012925390977076147
0.6172759519404978,0.001574036503919516
0.6180637482263491,0.00183203755885464
0.6188515445122005,0.002047905295118654
0.6196393407980518,0.002209623842468911
0.6204271370839032,0.0023127437373060846
0.6212149333697545,0.0023566914375164573
0.6220027296556059,0.0023434065721512146
0.6227905259414573,0.0022769658812733587
0.6235783222273087,0.0021640943528517566
0.62436611851316,0.0020140928844013593
0.6251539147990114,0.001837801476868638
0.6259417110848627,0.00164664148271535
0.6267295073707141,0.0014514429492627668
0.6275173036565654,0.001261124916569873
0.6283050999424169,0.0010835276875284484
0.6290928962282683,0.000926061091438752
0.6298806925141196,0.0007952114838108346
0.630668488799971,0.0006962601713046819
0.6314562850858223,0.0006335786171085107
0.6322440813716736,0.000610521486322269
0.633031877657525,0.0006281137392113227
0.6338196739433765,0.0006890835069083029
0.6346074702292278,0.0007983768675350367
0.6353952665150792,0.0009619324727501216
0.6361830628009305,0.0011856444612921744
0.6369708590867819,0.0014744209572927567
0.6377586553726332,0.001832478931260177
0.6385464516584847,0.0022631404172564385
0.639334247944336,0.0027689851177001438
0.6401220442301874,0.0033526831463246407
0.6409098405160387,0.004013004841251136
0.6416976368018901,0.004745691256446503
0.6424854330877414,0.005550470452674925
0.6432732293735928,0.006428710218200536
0.6440610256594442,0.007382925928121913
0.6448488219452956,0.008413041373814184
0.6456366182311469,0.009516248168404951
0.6464244145169983,0.010689743646678386
0.6472122108028496,0.011928468433826469
0.648000007088701,0.013223866272157589
0.6487878033745523,0.014579812264082103
0.6495755996604038,0.016002189629003353
0.6503633959462551,0.017498080753054486
0.6511511922321065,0.019067790852389493
0.6519389885179578,0.020702839087501222
0.6527267848038092,0.022394432371786326
0.6535145810896605,0.02413078760153268
0.6543023773755119,0.025888724289579994
0.6550901736613634,0.027630595725953805
0.6558779699472147,0.029293253048858478
0.656665766233066,0.03078714185454974
0.6574535625189174,0.03199825985830713
0.6582413588047688,0.0328023812285634
0.6590291550906201,0.033077430865459445
0.6598169513764714,0.03271231932159131
0.6606047476623229,0.03162042427764343
0.6613925439481743,0.029789107836974128
0.6621803402340256,0.027366774383858615
0.662968136519877,0.024549692357913433
0.6637559328057283,0.021534519048031844
0.6645437290915797,0.018505083299969152
0.665331525377431,0.015620947670633763
0.6661193216632825,0.013009303069115102
0.6669071179491338,0.010761627803501055
0.6676949142349852,0.008939161212509275
0.6684827105208365,0.007582343097660956
0.6692705068066879,0.006712111114312716
0.6700583030925392,0.006334241183300004
0.6708460993783907,0.006442530554738047
0.671633895664242,0.00701816656262227
0.6724216919500934,0.008028307602916722
0.6732094882359447,0.009429697678704782
0.6739972845217961,0.01116283620042611
0.6747850808076474,0.013149487506563461
0.6755728770934988,0.015291147061135157
0.6763606733793502,0.017466726776401167
0.6771484696652016,0.019536954316590024
0.6779362659510529,0.021345565848574128
0.6787240622369043,0.02272705481730708
0.6795118585227556,0.023523779461351795
0.680299654808607,0.023602396044006813
0.6810874510944583,0.02290446917263759
0.6818752473803098,0.021550375227590866
0.6826630436661612,0.01973442289128062
0.6834508399520125,0.017664063677566694
0.6842386362378639,0.015539585096840603
0.6850264325237152,0.013538737395258458
0.6858142288095666,0.011803106366177814
0.6866020250954179,0.010436630771351535
0.6873898213812694,0.009508698244954275
0.6881776176671207,0.009065151154963506
0.6889654139529721,0.009130200387064491
0.6897532102388234,0.00971078859381565
0.6905410065246748,0.010800877495260906
0.6913288028105261,0.012381560476146301
0.6921165990963775,0.014427396364694155
0.6929043953822289,0.016923217981119912
0.6936921916680803,0.01986900104977176
0.6944799879539316,0.023255885866413605
0.695267784239783,0.027031263465417538
0.6960555805256343,0.031068982361827674
0.6968433768114857,0.0351741720161931
0.697631173097337,0.03910256678378929
0.6984189693831885,0.04258359176243103
0.6992067656690398,0.045374235012228224
0.6999945619548912,0.04736373987417554
0.7007823582407425,0.04854613473246147
0.7015701545265939,0.048980003632649254
0.7023579508124452,0.048779864045836216
0.7031457470982967,0.04811320139957005
0.703933543384148,0.04721099124118376
0.7047213396699994,0.046377951229160934
0.7055091359558507,0.04589830913473473
0.7062969322417021,0.04597732431979723
0.7070847285275534,0.04672040854734532
0.7078725248134048,0.048125474338706085
0.7086603210992563,0.050085093127880016
0.7094481173851076,0.052398522555696436
0.710235913670959,0.054803841859993346
0.7110237099568103,0.05706093635832905
0.7118115062426617,0.0590023321581761
0.712599302528513,0.060527656991785944
0.7133870988143644,0.061587159376394904
0.7141748951002158,0.06217002933754973
0.7149626913860672,0.06229482257858877
0.7157504876719185,0.06200044092616277
0.7165382839577699,0.06134188446490059
0.7173260802436212,0.06038339962973234
0.7181138765294726,0.0591920028065949
0.7189016728153239,0.05783271789604469
0.7196894691011754,0.056364793682436375
0.7204772653870267,0.05483872143781944
0.7212650616728781,0.0532938833923938
0.7220528579587294,0.051756832203172176
0.7228406542445808,0.05024162289746409
0.7236284505304321,0.048751531173040694
0.7244162468162835,0.047282677810055095
0.7252040431021349,0.04582690703349406
0.7259918393879863,0.044373734276025915
0.7267796356738376,0.04291194012103051
0.727567431959689,0.041430731368318055
0.7283552282455403,0.03992043217241242
0.7291430245313917,0.0383727148185582
0.729930820817243,0.036780682923054954
0.7307186171030945,0.03513903075472168
0.7315064133889458,0.03344425806884812
0.7322942096747972,0.03169485662066663
0.7330820059606485,0.029891584401096166
0.7338698022464999,0.028037377671172183
0.7346575985323512,0.026137796504344522
0.7354453948182027,0.024200626121177838
0.736233191104054,0.022235696928540348
0.7370209873899054,0.020254132103276284
0.7378087836757568,0.018268453579331368
0.7385965799616081,0.016293693455189967
0.7393843762474595,0.014346550134032405
0.7401721725333108,0.012444566825992832
0.7409599688191623,0.010607359305710242
0.7417477651050136,0.008854517909597242
0.742535561390865,0.007206769445888891
0.7433233576767163,0.005684693916645505
0.7441111539625677,0.004308485254224964
0.744898950248419,0.0030972841293349833
0.7456867465342704,0.0020693999986286194
0.7464745428201218,0.0012422191594260279
0.7472623391059732,0.0006318167071876222
0.7480501353918245,0.0002525353997661073
0.7488379316776759,0.00011762436874595334
0.7496257279635272,0.00023761014018139603
0.7504135242493786,0.0006185374356917755
0.7512013205352299,0.0012592986351610193
0.7519891168210814,0.002152210998095251
0.7527769131069327,0.0032870349517242887
0.7535647093927841,0.004653658431725126
0.7543525056786354,0.006241131303889863
0.7551403019644868,0.008037126565803155
0.7559280982503381,0.010027722838886092
0.7567158945361895,0.012197569391455465
0.7575036908220409,0.014531982927707358
0.7582914871078923,0.017019285824593555
0.7590792833937436,0.019646395367462613
0.759867079679595,0.02239848563627433
0.7606548759654463,0.025258396877372236
0.7614426722512977,0.028208094747096474
0.7622304685371492,0.03123152840463073
0.7630182648230005,0.034309759771677335
0.7638060611088519,0.03741978896943228
0.7645938573947032,0.04053455423741177
0.7653816536805546,0.04362881653151959
0.7661694499664059,0.04667782843064864
0.7669572462522573,0.04965459844450267
0.7677450425381087,0.052532848978766186
0.7685328388239601,0.055288569504264626
0.7693206351098114,0.05790110091643633
0.7701084313956628,0.060354385677004935
0.7708962276815141,0.06262826707852465
0.7716840239673655,0.06469404507748423
0.7724718202532168,0.0665220592147176
0.7732596165390683,0.06808794863804124
0.7740474128249196,0.06937305214525785
0.774835209110771,0.07036611202248994
0.7756230053966223,0.07106039382911426
0.7764108016824737,0.07145482307212733
0.777198597968325,0.0715538859296907
0.7779863942541764,0.07137541464547276
0.7787741905400278,0.0709526721149922
0.7795619868258792,0.0703214376215442
0.7803497831117305,0.06951397902020878
0.7811375793975819,0.0685597890525194
0.7819253756834332,0.06748280445307923
0.7827131719692846,0.06630482352276497
0.7835009682551359,0.06504657039384013
0.7842887645409874,0.06372694109081668
0.7850765608268387,0.0623556280931132
0.7858643571126901,0.060931022564362225
0.7866521533985414,0.05944286097005238
0.7874399496843928,0.05787466469372588
0.7882277459702441,0.05620774308574288
0.7890155422560955,0.05442200350100323
0.789803338541947,0.05249574363211263
0.7905911348277983,0.05040562848169443
0.7913789311136497,0.04812842476727752
0.792166727399501,0.04564365841116489
0.7929545236853524,0.04293421840939225
0.7937423199712037,0.03998748698344683
0.7945301162570552,0.03679669722315751
0.7953179125429065,0.03336322893007279
0.7961057088287579,0.02969956136982435
0.7968935051146092,0.025833819254194035
0.7976813014004606,0.021817553696501325
0.7984690976863119,0.017733713098505344
0.7992568939721633,0.013708638884383536
0.8000446902580147,0.009909820675977572
0.8008324865438661,0.006520680357050789
0.8016202828297174,0.0037133616127603807
0.8024080791155688,0.001630882079805405
0.8031958754014201,0.0003774951125224428
0.8039836716872715,1.3247383527559092e-05
0.8047714679731228,0.00055101664543988
0.8055592642589743,0.0019558245092836
0.8063470605448256,0.004146424239568559
0.807134856830677,0.006999163566049399
0.8079226531165283,0.010354289310556937
0.8087104494023797,0.014025649001160878
0.809498245688231,0.017814844698617178
0.8102860419740824,0.021530995570677045
0.8110738382599338,0.02501854469793042
0.8118616345457852,0.028185785722632962
0.8126494308316365,0.030996501954680462
0.8134372271174879,0.03345341990293345
0.8142250234033392,0.03558332039565403
0.8150128196891906,0.03742918118088316
0.8158006159750419,0.039044154043645696
0.8165884122608934,0.04048576744396108
0.8173762085467448,0.041811280661415484
0.8181640048325961,0.043073928962841415
0.8189518011184475,0.04431887725879476
0.8197395974042988,0.045578205062865196
0.8205273936901502,0.046870762399457096
0.8213151899760015,0.048200555171116787
0.822102986261853,0.04955571074958599
0.8228907825477043,0.05090893496813675
0.8236785788335557,0.052219351383595104
0.824466375119407,0.053434491135010566
0.8252541714052584,0.054491633627580034
0.8260419676911097,0.05531921934639664
0.8268297639769612,0.055839165970887464
0.8276175602628125,0.05597174900790823
0.8284053565486639,0.05564652982367681
0.8291931528345152,0.05480745435924121
0.8299809491203666,0.053417987049044394
0.8307687454062179,0.0514679545891759
0.8315565416920693,0.04898355366526724
0.8323443379779207,0.04604810797717983
0.8331321342637721,0.04281390741043723
0.8339199305496234,0.03945582954619169
0.8347077268354748,0.036140043620607125
0.8354955231213261,0.033008838321537316
0.8362833194071775,0.030171463882797702
0.8370711156930288,0.027698412054634892
0.8378589119788803,0.025619709285712028
0.8386467082647316,0.023916482769047426
0.839434504550583,0.02251477067319469
0.8402223008364343,0.02129463119802331
0.8410100971222857,0.020106098831844773
0.841797893408137,0.01879016628711854
0.8425856896939884,0.017206411321719656
0.8433734859798399,0.015268496288666757
0.8441612822656912,0.013000565570556576
0.8449490785515426,0.010596130850358333
0.8457368748373939,0.008343969037781108
0.8465246711232453,0.006520941410895952
0.8473124674090966,0.00532609937137989
0.848100263694948,0.004833820965402265
0.8488880599807994,0.004996951347901499
0.8496758562666508,0.005675759616014525
0.8504636525525021,0.006658610415973243
0.8512514488383535,0.007683167013350409
0.8520392451242048,0.008465841131347311
0.8528270414100562,0.008739635266822202
0.8536148376959075,0.00830720162537808
0.854402633981759,0.0071356775279192135
0.8551904302676103,0.005433563372183415
0.8559782265534617,0.0035438453543255345
0.856766022839313,0.0018256565822139515
0.8575538191251644,0.0005925454730018919
0.8583416154110157,7.279522159311802e-05
0.8591294116968672,0.00038270045289736743
0.8599172079827185,0.001514083190463428
0.8607050042685699,0.003345319084124728
0.8614928005544212,0.005673516267029363
0.8622805968402726,0.008243259487324316
0.8630683931261239,0.010793770202600214
0.8638561894119753,0.013087105322877553
0.8646439856978267,0.014918862214494085
0.8654317819836781,0.016124508456122046
0.8662195782695294,0.01659244305157184
0.8670073745553808,0.01628060307983993
0.8677951708412321,0.015250858325140696
0.8685829671270835,0.013682534312514885
0.8693707634129348,0.011809200155047852
0.8701585596987863,0.009874221349761797
0.8709463559846377,0.008106836457355665
0.871734152270489,0.006703371526548025
0.8725219485563404,0.0058157906778583054
0.8733097448421917,0.005546095498774426
0.874097541128043,0.005956485081408263
0.8748853374138944,0.007078527653272098
0.8756731336997459,0.008912091295145856
0.8764609299855972,0.011422136462561999
0.8772487262714486,0.014536639333901032
0.8780365225572999,0.01814785927088762
0.8788243188431513,0.022115252057016303
0.8796121151290026,0.026270986425311508
0.880399911414854,0.030426957959468832
0.8811877077007054,0.03438200557755456
0.8819755039865568,0.03793035494188183
0.8827633002724081,0.04088749118184868
0.8835510965582595,0.04315962954377324
0.8843388928441108,0.04473922616147561
0.8851266891299622,0.0456627211468838
0.8859144854158136,0.04599024295116832
0.886702281701665,0.045796028330780045
0.8874900779875163,0.04515996902860183
0.8882778742733677,0.044164916013112225
0.889065670559219,0.042893837449707824
0.8898534668450704,0.04142441564174804
0.8906412631309217,0.03982522613457538
0.8914290594167732,0.03814734629540094
0.8922168557026245,0.03642842650792199
0.8930046519884759,0.03469839308874835
0.8937924482743272,0.032980820571691064
0.8945802445601786,0.03129342891579238
0.8953680408460299,0.029648784681763744
0.8961558371318813,0.0280530368011955
0.8969436334177328,0.026507917211456268
0.8977314297035841,0.0250128723793833
0.8985192259894355,0.02356759640378419
0.8993070222752868,0.022172778673420757
0.9000948185611382,0.02082917754824388
0.9008826148469895,0.019535045522785642
0.9016704111328409,0.018286340256778586
0.9024582074186923,0.01707839561533319
0.9032460037045437,0.015907819684525197
0.904033799990395,0.014773061686717288
0.9048215962762464,0.013673931732436948
0.9056093925620977,0.012610412961479935
0.9063971888479491,0.011582028769358653
0.9071849851338004,0.010588153803605609
0.9079727814196519,0.009628022218531714
0.9087605777055032,0.008703377388024307
0.9095483739913546,0.00781738840318109
0.9103361702772059,0.006972492211248062
0.9111239665630573,0.0061706543644390365
0.9119117628489086,0.005413323782637078
0.91269955913476,0.00470197240000942
0.9134873554206114,0.004038129877909257
0.9142751517064628,0.0034234353575086887
0.9150629479923141,0.0028602383220539857
0.9158507442781655,0.002350194970371482
0.9166385405640168,0.0018941119295171572
0.9174263368498682,0.0014914870741193735
0.9182141331357196,0.0011429415446253884
0.919001929421571,0.000850307296602742
0.9197897257074223,0.0006135664020818245
0.9205775219932737,0.0004310632433240486
0.921365318279125,0.00029979193195757604
0.9221531145649764,0.00021615519167232322
0.9229409108508277,0.00017786932438038528
0.9237287071366792,0.00018336687204626023
0.9245165034225306,0.00023096218613584678
0.9253042997083819,0.00032120014107994536
0.9260920959942333,0.0004584301688674311
0.9268798922800846,0.0006531303802304681
0.927667688565936,0.0009225325050071265
0.9284554848517873,0.0012910375694084322
0.9292432811376388,0.0017903259642098692
0.9300310774234901,0.002458139715942759
0.9308188737093415,0.0033378781157631585
0.9316066699951928,0.004477198182643593
0.9323944662810442,0.0059156500245653425
0.9331822625668955,0.0076538783586387014
0.9339700588527469,0.009650111537146863
0.9347578551385983,0.011822178434133147
0.9355456514244497,0.01404952655804506
0.936333447710301,0.016178901191907055
0.9371212439961524,0.018039186760893465
0.9379090402820037,0.01948549574519455
0.9386968365678551,0.020449291590109282
0.9394846328537064,0.02092393137940686
0.9402724291395579,0.020932586031414836
0.9410602254254092,0.02051654298028057
0.9418480217112606,0.01973000482668863
0.9426358179971119,0.018636136271867845
0.9434236142829633,0.017302715404975178
0.9442114105688146,0.015799356705922876
0.944999206854666,0.014195738497089213
0.9457870031405174,0.012564111902753633
0.9465747994263688,0.010977430706998838
0.9473625957122201,0.009497787649077896
0.9481503919980715,0.008163340263340813
0.9489381882839228,0.006988574273220909
0.9497259845697742,0.005977614796532605
0.9505137808556257,0.005131999424663397
0.951301577141477,0.004449531890037059
0.9520893734273284,0.003923720877680649
0.9528771697131797,0.0035438713483021337
0.9536649659990311,0.0032971642643260376
0.9544527622848824,0.0031691900723018777
0.9552405585707338,0.003145533202987398
0.9560283548565852,0.0032106480258159292
0.9568161511424366,0.003346516795565223
0.9576039474282879,0.0035320743574493918
0.9583917437141393,0.00374069186593813
0.9591795399999906,0.003940705559278713
0.959967336285842,0.004100110262428667
0.9607551325716933,0.004185284420789619
0.9615429288575448,0.004169176666301358
0.9623307251433961,0.0040477952502387185
0.9631185214292475,0.003843549202739712
0.9639063177150988,0.003584573023058464
0.9646941140009502,0.0032989252149606017
0.9654819102868015,0.003012680807860179
0.9662697065726529,0.002742790772144019
0.9670575028585043,0.0024985198137490246
0.9678452991443557,0.0022845338721499374
0.968633095430207,0.002101034255336054
0.9694208917160584,0.0019465503657667606
0.9702086880019097,0.001817693603988199
0.9709964842877611,0.0017125293640806083
0.9717842805736124,0.0016306513287863322
0.9725720768594639,0.0015705615654559833
0.9733598731453152,0.0015298352717358877
0.9741476694311666,0.0015046516227461423
0.974935465717018,0.0014921677010502907
0.9757232620028693,0.0014910997574323123
0.9765110582887206,0.0015009952872349832
0.977298854574572,0.0015212471371252494
0.9780866508604235,0.0015505889767113423
0.9788744471462748,0.001586456360760834
0.9796622434321262,0.0016267329331285697
0.9804500397179775,0.0016689840943523591
0.9812378360038289,0.001712001323129654
0.9820256322896802,0.0017552578293001581
0.9828134285755317,0.0017987020471773017
0.983601224861383,0.0018419763348658331
0.9843890211472344,0.001883669686102782
0.9851768174330857,0.0019223086286927634
0.9859646137189371,0.001956680344655694
0.9867524100047884,0.001986472191592855
0.9875402062906398,0.0020118205209335486
0.9883280025764912,0.002032556096479362
0.9891157988623426,0.0020476554657689007
0.9899035951481939,0.002055119780803007
0.9906913914340453,0.002052483213670254
0.9914791877198966,0.0020376988676880357
0.992266984005748,0.002009732174618704
0.9930547802915993,0.0019687068681992358
0.9938425765774508,0.0019161014340949652
0.9946303728633021,0.001854593609569637
0.9954181691491535,0.0017872892435246014
0.9962059654350048,0.0017164504526783774
0.9969937617208562,0.0016429870451862998
0.9977815580067075,0.0015669166837772332
0.9985693542925589,0.0014883218540627195
0.9993571505784103,0.0014073905591439487
1.0001449468642616,0.00132490192879923
1.000932743150113,0.0012409544441531796
1.0017205394359643,0.0011553330128902524
1.0025083357218156,0.0010682682955259482
1.003296132007667,0.0009801870963530598
1.0040839282935183,0.0008918177691860662
1.0048717245793697,0.0008041561389563836
1.005659520865221,0.0007182748566384415
1.0064473171510724,0.0006345032440268287
1.007235113436924,0.0005531781494717385
1.0080229097227753,0.0004748509826717274
1.0088107060086267,0.00040020228516155724
1.009598502294478,0.0003301476106564576
1.0103862985803294,0.00026544397110180924
1.0111740948661807,0.00020678855672041072
1.011961891152032,0.00015489432213652477
1.0127496874378834,0.00011050069592643034
1.0135374837237348,7.443448455474062e-05
1.014325280009586,4.7422022030116224e-05
1.0151130762954375,3.0061683560017917e-05
1.0159008725812888,2.2601335546094798e-05
1.0166886688671402,2.5182831183190076e-05
1.0174764651529915,3.8092975846848654e-05
1.018264261438843,6.164238807367974e-05
1.0190520577246944,9.580423894196624e-05
1.0198398540105458,0.00014041396070542988
1.0206276502963971,0.0001951458611654222
1.0214154465822485,0.0002594331880441724
1.0222032428680998,0.00033234483464461155
1.0229910391539512,0.0004125917982076473
1.0237788354398025,0.0004987669647463506
1.0245666317256539,0.0005896586292182868
1.0253544280115052,0.0006848339983894487
1.0261422242973566,0.0007845913902443788
1.026930020583208,0.0008887027836311527
1.0277178168690593,0.0009939773708062384
1.0285056131549108,0.0010922535302074728
1.0292934094407622,0.0011703654542694387
1.0300812057266135,0.001214274003469957
1.030869002012465,0.0012170378847623238
1.0316567982983162,0.001186279816043172
1.0324445945841676,0.001135824845225246
1.033232390870019,0.0010775468956156712
1.0340201871558703,0.0010177491056111273
1.0348079834417216,0.0009575325222922276
1.035595779727573,0.0008964337135006877
1.0363835760134243,0.000833539412123326
1.0371713722992757,0.0007684975488276574
1.037959168585127,0.0007017513764342991
1.0387469648709784,0.0006340711045571652
1.03953476115683,0.0005663099647120055
1.0403225574426813,0.0004994143907701904
1.0411103537285327,0.0004342936322775141
1.041898150014384,0.0003717704704354508
1.0426859463002354,0.0003125746019772564
1.0434737425860867,0.0002573939519021852
1.044261538871938,0.00020684384281831732
1.0450493351577894,0.00016155041949017916
1.0458371314436408,0.00012219708067213027
1.0466249277294921,8.959014267194338e-05
1.0474127240153435,6.441849291164598e-05
1.0482005203011948,4.7016516571080336e-05
1.0489883165870462,3.733561346795273e-05
1.0497761128728975,3.520306873468013e-05
1.050563909158749,4.062844131770255e-05
1.0513517054446004,5.379898517267586e-05
1.0521395017304518,7.523791277395649e-05
1.0529272980163031,0.00010493438458058317
1.0537150943021545,0.00014273798001262353
1.0545028905880058,0.0001882629109823985
1.0552906868738572,0.00024116585846352398
1.0560784831597085,0.000301244698232908
1.0568662794455599,0.00036841616110596417
1.0576540757314112,0.0004424937637476343
1.0584418720172626,0.0005229650293223203
1.059229668303114,0.0006089075547950247
1.0600174645889653,0.0006995168238615909
1.0608052608748169,0.000794169881001697
1.0615930571606682,0.0008927225305917449
1.0623808534465196,0.0009957636309061231
1.063168649732371,0.0011047723076146022
1.0639564460182223,0.001222258704375802
1.0647442423040736,0.0013523950505780124
1.065532038589925,0.0014937805175174593
1.0663198348757763,0.0016394948548645923
1.0671076311616277,0.001772966660066099
1.067895427447479,0.0018676349030954907
1.0686832237333304,0.0018939424346733325
1.0694710200191817,0.001834497174700034
1.070258816305033,0.001706204672214433
1.0710466125908844,0.0015420052587508757
1.071834408876736,0.001371166393067831
1.0726222051625873,0.0012112895560359232
1.0734100014484387,0.0010692820108607218
1.07419779773429,0.0009431735577512963
1.0749855940201414,0.0008280484643515727
1.0757733903059927,0.0007221860040403309
1.076561186591844,0.0006236973851287364
1.0773489828776954,0.0005321320203169607
1.0781367791635468,0.0004478237306917546
1.0789245754493981,0.0003711941287094555
1.0797123717352495,0.0003024460383853666
1.0805001680211008,0.000241557134656567
1.0812879643069522,0.00018837516341326047
1.0820757605928035,0.00014276029571889197
1.082863556878655,0.00010472321817028622
1.0836513531645064,7.416639853288971e-05
1.0844391494503578,5.075298606998151e-05
1.0852269457362091,3.405304138781718e-05
1.0860147420220605,2.3613393789722414e-05
1.0868025383079118,1.919362536799296e-05
1.0875903345937632,2.0328584149039913e-05
1.0883781308796145,2.648906099329169e-05
1.089165927165466,3.710480318216462e-05
1.0899537234513172,5.181762614930058e-05
1.0907415197371686,7.047287879501564e-05
1.09152931602302,9.28940134751149e-05
1.0923171123088713,0.00011885264954738202
1.0931049085947229,0.0001476499210080762
1.0938927048805742,0.00017853402100772805
1.0946805011664256,0.0002109781846628882
1.095468297452277,0.0002447689706895368
1.0962560937381283,0.0002800811447110683
1.0970438900239796,0.0003164138712114674
1.097831686309831,0.000353671741587716
1.0986194825956823,0.00039160301702069456
1.0994072788815337,0.00042961436663362085
1.100195075167385,0.0004672121040736293
1.1009828714532364,0.0005043556248913707
1.1017706677390877,0.0005409347109700971
1.102558464024939,0.0005769590109558851
1.1033462603107904,0.0006123552735249313
1.104134056596642,0.0006470499306960929
1.1049218528824933,0.0006817972125616084
1.1057096491683447,0.0007159135242218542
1.106497445454196,0.0007481587402838955
1.1072852417400474,0.0007783726941251929
1.1080730380258987,0.0008068983147044556
1.10886083431175,0.0008344394306313298
1.1096486305976014,0.000861182339063079
1.1104364268834528,0.0008877831243163594
1.1112242231693041,0.0009140320192580623
1.1120120194551555,0.0009392210731984583
1.1127998157410068,0.0009630666017514157
1.1135876120268582,0.0009853429478580747
1.1143754083127095,0.0010058653046209796
1.115163204598561,0.0010246053339149944
1.1159510008844125,0.001042126375381478
1.1167387971702638,0.0010586583815044128
1.1175265934561152,0.001074378553384921
1.1183143897419665,0.0010898434566842033
1.1191021860278179,0.001105422378391287
1.1198899823136692,0.001120662932590894
1.1206777785995206,0.0011351662755841572
1.121465574885372,0.0011485997512853316
1.1222533711712233,0.0011605710530407203
1.1230411674570746,0.0011712811707702978
1.123828963742926,0.0011811570311470205
1.1246167600287773,0.0011903479745638838
1.1254045563146289,0.0011987260569423705
1.1261923526004802,0.0012061850364181027
1.1269801488863316,0.0012130725189188301
1.127767945172183,0.00121935109608563
1.1285557414580343,0.0012249915306931378
1.1293435377438856,0.0012300411705110368
1.130131334029737,0.0012346095490964148
1.1309191303155883,0.0012385604342797225
1.1317069266014397,0.001242542843578371
1.132494722887291,0.001246760041906968
1.1332825191731424,0.0012509213787242322
1.1340703154589937,0.001254473525387548
1.134858111744845,0.0012568138471412832
1.1356459080306964,0.001257523665156001
1.136433704316548,0.001256980862899727
1.1372215006023993,0.0012560554878722797
1.1380092968882507,0.001255679964171774
1.138797093174102,0.0012555107455010203
1.1395848894599534,0.001254552800639754
1.1403726857458047,0.0012523944340307718
1.141160482031656,0.0012492612457861174
1.1419482783175074,0.0012464049448753622
1.1427360746033588,0.0012438685542629307
1.1435238708892101,0.0012413428791052785
1.1443116671750615,0.0012384470446262297
1.1450994634609128,0.0012348344685027901
1.1458872597467642,0.001230198883323602
1.1466750560326155,0.001224072861875398
1.1474628523184671,0.0012166473433590631
1.1482506486043185,0.0012089620588523976
1.1490384448901698,0.0012014673939870595
1.1498262411760212,0.0011944086064992255
1.1506140374618725,0.0011878785798720148
1.1514018337477239,0.0011812770920342334
1.1521896300335752,0.0011742902693661107
1.1529774263194266,0.0011667247969694866
1.153765222605278,0.0011583279323853725
1.1545530188911293,0.0011498327011380234
1.1553408151769806,0.0011408015734233013
1.156128611462832,0.0011305401424975808
1.1569164077486833,0.0011194324878286432
1.157704204034535,0.0011087957688445966
1.1584920003203862,0.0011001837956338962
1.1592797966062376,0.001092368481052398
1.160067592892089,0.0010836094273831615
1.1608553891779403,0.0010729308843350136
1.1616431854637916,0.0010607985614832427
1.162430981749643,0.0010490127565846584
1.1632187780354943,0.0010378273998808173
1.1640065743213457,0.001027023757383911
1.164794370607197,0.0010164577827767819
1.1655821668930484,0.001006071607684109
1.1663699631788997,0.00099650875867237
1.167157759464751,0.0009876636002043198
1.1679455557506024,0.0009789910573282567
1.168733352036454,0.0009699619121307088
1.1695211483223054,0.0009599656158442585
1.1703089446081567,0.000948928131484668
1.171096740894008,0.0009375800893823539
1.1718845371798594,0.0009264626150075953
1.1726723334657108,0.000915564166378651
1.173460129751562,0.0009046346847586137
1.1742479260374135,0.0008934720900445051
1.1750357223232648,0.0008825717315537975
1.1758235186091162,0.0008730506288155465
1.1766113148949675,0.0008655731286767786
1.1773991111808189,0.0008607691565536534
1.1781869074666702,0.0008579024747734037
1.1789747037525216,0.0008565504449847442
1.1797625000383731,0.0008552617262715923
1.1805502963242245,0.0008496050859694819
1.1813380926100758,0.0008332984598747069
1.1821258888959272,0.0008023266905865644
